HH_ID,PP_ID,PR,AGEGRP,BEDRM,ROOM,VALUE,CITIZEN,GENDER,TOTINC,RELIG,MARSTH
1,11101,35,11,1,3,99999999,1,1,12000,3,4
2,21101,24,11,3,4,230000,1,2,61000,2,3
2,21102,24,11,3,4,230000,1,1,37000,2,3
3,31101,59,11,3,10,1210000,1,2,34000,3,3
3,31102,59,11,3,10,1210000,1,1,63000,9,3
4,41103,35,11,4,9,1500000,2,1,34000,88,1
4,41201,35,8,4,9,1500000,2,1,97000,88,2
4,41202,35,9,4,9,1500000,1,2,99999999,88,2
4,41204,35,1,4,9,1500000,1,1,99999999,88,1
4,41205,35,1,4,9,1500000,1,2,99999999,88,1
5,51101,24,4,1,2,99999999,1,2,14000,9,1
6,61101,35,11,3,5,1000000,2,2,3000,4,2
6,61102,35,10,3,5,1000000,2,1,8000,4,2
6,61103,35,5,3,5,1000000,1,1,69000,4,1
6,61104,35,2,3,5,1000000,1,2,99999999,4,1
7,71101,24,7,2,6,310000,1,1,110000,9,3
7,71102,24,8,2,6,310000,1,2,91000,9,3
8,81101,24,9,3,8,330000,1,2,65000,9,3
8,81102,24,9,3,8,330000,1,1,90000,9,3
8,81103,24,3,3,8,330000,1,1,13000,9,1
8,81104,24,3,3,8,330000,1,1,4000,9,1
9,91101,13,12,4,8,518346,1,1,44000,9,2
9,91102,13,12,4,8,518346,1,2,180000,9,2
9,91103,13,6,4,8,518346,1,2,10000,9,2
10,101101,35,7,2,7,270000,1,1,62000,9,3
10,101102,35,5,2,7,270000,1,1,99000,9,3
11,111101,59,5,1,3,99999999,1,2,68000,9,1
12,121101,24,8,4,6,99999999,1,1,84000,2,1
12,121102,24,2,4,6,99999999,1,1,99999999,2,1
12,121103,24,3,4,6,99999999,1,1,17000,2,1
12,121104,24,3,4,6,99999999,1,1,17000,2,1
12,121105,24,2,4,6,99999999,1,2,99999999,2,1
13,131101,35,6,3,6,99999999,1,2,63000,6,2
13,131102,35,5,3,6,99999999,1,1,41000,6,2
13,131103,35,1,3,6,99999999,1,1,99999999,6,1
13,131104,35,1,3,6,99999999,1,1,99999999,6,1
14,141101,35,10,5,9,700000,1,1,90000,2,2
14,141102,35,11,5,9,700000,1,2,110000,2,2
15,151101,35,5,3,8,100000,1,2,5000,3,2
15,151102,35,5,3,8,100000,1,1,4000,3,2
15,151103,35,1,3,8,100000,1,1,99999999,3,1
15,151104,35,1,3,8,100000,1,1,99999999,3,1
15,151105,35,1,3,8,100000,1,1,99999999,3,1
16,161101,48,12,5,11,1239952,1,2,110000,2,2
16,161102,48,12,5,11,1239952,1,1,34000,2,2
17,171101,13,11,1,3,99999999,3,2,9000,2,1
18,181101,35,9,2,4,99999999,1,1,64000,9,1
18,181102,35,2,2,4,99999999,1,1,99999999,9,1
18,181103,35,1,2,4,99999999,1,2,99999999,9,1
19,191101,47,4,3,5,99999999,1,2,67000,9,1
19,191102,47,9,3,5,99999999,1,2,15000,9,2
19,191103,47,10,3,5,99999999,1,1,38000,9,2
20,201101,35,10,2,5,99999999,2,1,110000,3,4
20,201102,35,2,2,5,99999999,1,2,99999999,3,1
21,211101,48,7,2,4,99999999,1,2,80000,9,2
21,211102,48,6,2,4,99999999,1,1,50000,9,2
22,221101,35,10,0,1,99999999,3,2,50000,9,4
23,231104,35,88,3,4,99999999,3,8,21000,9,8
23,232201,35,88,3,4,99999999,2,8,31000,9,8
23,232202,35,88,3,4,99999999,3,8,5000,9,8
23,232203,35,88,3,4,99999999,3,8,20000,9,8
24,241101,35,12,3,5,1210000,2,2,53000,4,2
24,241102,35,11,3,5,1210000,2,1,18000,4,2
24,241103,35,7,3,5,1210000,2,2,22000,4,1
25,251101,48,13,2,5,290000,1,1,41000,3,4
26,261101,12,11,2,7,99999999,2,1,5000,3,2
26,261102,12,12,2,7,99999999,1,2,50000,3,2
27,271101,59,13,4,6,2010000,2,2,64000,2,2
27,271102,59,12,4,6,2010000,1,1,15000,2,2
28,281101,24,13,3,6,500000,2,2,99000,2,3
28,281102,24,12,3,6,500000,2,1,33000,2,3
29,291103,35,5,2,3,99999999,8,2,29000,88,8
29,291104,35,7,2,3,99999999,8,2,99999999,88,8
29,292101,35,4,2,3,99999999,8,2,17000,88,8
29,292102,35,5,2,3,99999999,8,2,47000,88,8
30,301101,24,6,1,3,99999999,3,2,37000,9,4
31,311101,35,9,3,6,900000,1,1,57000,3,4
31,311102,35,3,3,6,900000,1,1,13000,3,1
31,311103,35,2,3,6,900000,1,1,99999999,3,1
32,321101,35,11,1,5,530000,1,2,43000,2,4
33,331101,24,12,1,3,99999999,1,2,21000,2,1
34,341101,47,6,3,7,99999999,1,1,77000,9,1
34,341102,47,3,3,7,99999999,1,2,99999999,9,1
34,341103,47,1,3,7,99999999,1,2,99999999,9,1
35,351101,35,13,2,5,400000,2,1,44000,2,4
36,361101,10,12,3,7,566503,1,1,38000,3,2
36,361102,10,13,3,7,566503,1,2,130000,3,2
37,371101,48,6,5,9,530000,1,1,99999999,9,3
37,371102,48,7,5,9,530000,2,2,250000,9,3
37,371103,48,1,5,9,530000,1,1,99999999,9,1
37,371104,48,1,5,9,530000,1,1,99999999,9,1
38,381101,35,9,3,5,99999999,1,2,55000,2,4
39,391101,35,11,1,3,99999999,2,2,12000,9,1
40,401101,35,12,4,7,850000,1,1,38000,3,4
41,411101,70,11,5,9,660000,1,1,73000,3,2
41,411102,70,11,5,9,660000,1,2,64000,3,2
42,421101,35,13,1,3,99999999,2,1,24000,2,4
43,431101,59,12,2,4,310000,1,1,35000,3,4
44,441101,35,12,3,6,400000,1,2,40000,3,2
44,441102,35,12,3,6,400000,1,1,33000,3,2
45,451101,13,12,4,8,210000,1,1,55000,3,4
46,461104,48,11,3,4,500000,2,1,82000,2,4
46,461201,48,5,3,4,500000,2,2,35000,2,2
46,461202,48,5,3,4,500000,2,1,57000,2,2
46,461203,48,1,3,4,500000,1,1,99999999,2,1
47,471101,35,13,1,2,99999999,1,2,87000,3,2
48,481101,35,5,1,2,99999999,3,1,99999999,9,1
49,491101,59,13,3,9,900000,1,1,87000,3,4
50,501101,24,13,1,4,99999999,1,1,26000,2,4
50,501102,24,11,1,4,99999999,1,2,11000,2,1
51,511105,35,11,4,6,860000,2,1,24000,9,2
51,511201,35,9,4,6,860000,2,2,18000,3,2
51,511202,35,8,4,6,860000,2,1,73000,9,2
51,511203,35,2,4,6,860000,1,2,99999999,9,1
51,511204,35,2,4,6,860000,1,1,99999999,9,1
52,521101,46,5,4,7,360000,1,1,72000,3,1
52,521102,46,1,4,7,360000,1,2,99999999,3,1
52,521103,46,1,4,7,360000,1,2,99999999,3,1
53,531101,48,9,2,6,470000,1,1,57000,9,4
53,531102,48,2,2,6,470000,1,2,99999999,9,1
54,541101,35,10,3,7,220000,1,2,120000,9,1
54,541102,35,3,3,7,220000,1,2,6000,9,1
55,551101,24,13,5,8,170000,1,2,13000,2,2
55,551102,24,13,5,8,170000,1,1,48000,2,2
56,561101,59,7,3,5,99999999,1,1,69000,9,1
56,561102,59,2,3,5,99999999,1,2,99999999,9,1
56,561103,59,1,3,5,99999999,1,2,99999999,9,1
57,571101,24,10,2,4,500000,2,2,120000,3,2
57,571102,24,9,2,4,500000,2,1,41000,3,2
57,571103,24,4,2,4,500000,2,1,9000,3,1
57,571104,24,2,2,4,500000,2,1,99999999,3,1
57,571105,24,2,2,4,500000,2,1,99999999,3,1
58,581101,24,11,3,8,260000,1,2,120000,2,2
58,581102,24,12,3,8,260000,1,1,5000,2,2
59,591103,35,12,4,7,1000000,1,1,54000,9,1
59,591201,35,11,4,7,1000000,1,2,24000,3,2
59,591202,35,10,4,7,1000000,1,1,26000,2,2
59,591204,35,4,4,7,1000000,1,1,25000,2,1
59,591205,35,3,4,7,1000000,1,2,99999999,2,1
60,601101,48,6,4,8,600000,3,2,100000,4,2
60,601102,48,6,4,8,600000,3,1,32000,4,2
60,601103,48,1,4,8,600000,1,2,99999999,4,1
61,611101,35,11,1,2,99999999,2,2,36000,3,1
62,621101,35,88,3,6,99999999,1,1,2000,3,1
62,621102,35,88,3,6,99999999,1,1,34000,3,1
62,621103,35,88,3,6,99999999,1,1,99999999,3,1
62,621104,35,88,3,6,99999999,1,2,99999999,3,1
63,631201,35,88,4,6,910000,2,2,27000,9,2
63,631202,35,88,4,6,910000,2,1,5000,9,2
63,632103,35,88,4,6,910000,2,2,12000,9,4
63,632304,35,88,4,6,910000,2,1,53000,9,1
63,632305,35,88,4,6,910000,1,2,99999999,9,1
64,641101,47,13,3,8,30000,1,1,30000,3,4
65,651101,59,6,4,5,250000,1,2,120000,9,2
65,651102,59,7,4,5,250000,1,1,42000,9,2
65,651103,59,1,4,5,250000,1,1,99999999,9,1
65,651104,59,1,4,5,250000,1,1,99999999,9,1
65,651105,59,1,4,5,250000,1,1,99999999,9,1
66,661101,48,10,3,6,580000,2,2,260000,6,2
66,661102,48,8,3,6,580000,2,1,55000,6,2
66,661103,48,4,3,6,580000,2,1,16000,6,1
66,661104,48,3,3,6,580000,2,2,9000,6,1
67,671101,48,10,4,10,600000,1,1,22000,3,2
67,671102,48,10,4,10,600000,1,2,1039418,3,2
67,671103,48,4,4,10,600000,1,1,36000,9,1
68,681101,46,12,0,1,99999999,1,2,17000,5,1
69,691101,35,5,1,3,99999999,1,2,57000,9,1
70,701104,59,13,3,7,1360000,3,1,20000,88,4
70,701201,59,11,3,7,1360000,2,2,160000,88,2
70,701202,59,9,3,7,1360000,3,1,70000,88,2
70,701203,59,3,3,7,1360000,1,1,99999999,88,1
71,711101,35,88,4,5,99999999,8,2,20000,88,1
71,711102,35,88,4,5,99999999,8,2,99999999,88,1
71,711103,35,88,4,5,99999999,8,2,21000,88,1
71,711104,35,88,4,5,99999999,8,2,99999999,88,1
71,711105,35,88,4,5,99999999,8,2,99999999,88,1
71,711106,35,88,4,5,99999999,8,2,99999999,88,1
71,711107,35,88,4,5,99999999,8,2,99999999,88,1
72,721101,59,10,4,9,1500000,1,2,100000,88,2
72,721102,59,10,4,9,1500000,1,1,34000,88,2
72,721103,59,3,4,9,1500000,1,1,15000,88,1
72,721104,59,3,4,9,1500000,1,1,10000,88,1
72,721105,59,2,4,9,1500000,1,2,99999999,88,1
73,731101,46,10,4,6,310000,1,2,82000,3,2
73,731102,46,10,4,6,310000,1,1,27000,3,2
73,731103,46,4,4,6,310000,1,2,65000,3,1
73,731104,46,4,4,6,310000,1,1,40000,3,1
73,731105,46,4,4,6,310000,1,1,25000,3,1
74,741101,24,5,1,2,99999999,3,2,68000,6,1
75,751101,24,8,4,7,370000,1,1,229642,2,3
75,751102,24,8,4,7,370000,1,2,100000,2,3
75,751103,24,1,4,7,370000,1,2,99999999,2,1
76,761101,35,10,3,7,1010000,2,1,-30000,2,4
76,761202,35,4,3,7,1010000,1,2,37000,9,3
76,761203,35,4,3,7,1010000,1,1,25000,9,3
77,771101,24,8,2,6,800000,1,1,56000,9,3
77,771102,24,8,2,6,800000,1,2,100000,9,3
77,771103,24,1,2,6,800000,1,2,99999999,9,1
78,781101,13,11,2,6,120000,1,1,64000,2,1
79,791101,24,7,3,7,220000,1,2,16000,2,1
79,791102,24,7,3,7,220000,1,2,17000,2,1
80,801101,35,8,4,8,99999999,1,1,41000,9,4
80,801102,35,3,4,8,99999999,1,2,99999999,9,1
80,801103,35,2,4,8,99999999,1,2,99999999,9,1
81,811101,10,7,3,4,360000,1,2,120000,2,2
81,811102,10,6,3,4,360000,1,1,35000,2,2
81,811103,10,1,3,4,360000,1,1,99999999,2,1
81,811104,10,1,3,4,360000,1,1,99999999,2,1
82,821101,24,8,1,2,10000,1,1,36000,9,3
82,821102,24,9,1,2,10000,1,2,1000,9,3
83,831101,24,11,2,5,100000,1,2,42000,2,1
84,841101,35,12,3,11,500000,1,2,46000,3,2
84,841102,35,11,3,11,500000,1,1,61000,9,2
85,851101,24,13,2,4,200000,1,1,29000,2,4
86,861101,35,5,1,3,99999999,1,2,52000,9,1
86,861102,35,5,1,3,99999999,1,1,41000,9,1
87,871101,35,10,4,5,710000,1,2,98000,9,2
87,871102,35,9,4,5,710000,1,1,17000,9,2
87,871103,35,2,4,5,710000,1,1,99999999,9,1
87,871104,35,2,4,5,710000,1,2,99999999,9,1
88,881101,48,12,3,5,130000,1,2,59000,2,4
89,891101,59,5,1,2,99999999,3,2,49000,2,1
90,901101,59,11,3,6,1400000,8,2,76000,9,3
90,901102,59,7,3,6,1400000,8,1,1000,9,3
90,901103,59,4,3,6,1400000,8,2,21000,9,1
91,911101,35,11,3,9,180000,1,2,62000,9,3
91,911102,35,11,3,9,180000,1,1,99999999,2,3
92,921101,35,11,4,8,460000,1,1,32000,2,2
92,921102,35,11,4,8,460000,1,2,48000,9,2
93,931101,35,9,3,6,460000,1,2,64000,3,2
93,931102,35,9,3,6,460000,1,1,110000,3,2
93,931103,35,3,3,6,460000,1,2,16000,3,1
93,931104,35,3,3,6,460000,1,2,2000,3,1
94,941101,46,12,2,7,99999999,1,1,21000,9,4
95,951101,35,12,1,4,300000,1,2,30000,2,1
96,961101,59,11,3,4,610000,3,1,31000,7,4
96,961102,59,6,3,4,610000,2,1,40000,7,2
96,961103,59,4,3,4,610000,3,2,61000,7,1
97,971101,24,5,3,9,590000,1,2,83000,3,3
97,971102,24,5,3,9,590000,1,1,26000,3,3
97,971103,24,1,3,9,590000,1,2,99999999,3,1
98,981101,24,13,4,9,1227409,1,2,19000,2,2
98,981102,24,12,4,9,1227409,1,1,22000,2,2
98,981103,24,5,4,9,1227409,1,2,21000,2,1
99,991101,35,12,3,7,99999999,1,1,83000,2,4
99,991102,35,4,3,7,99999999,1,1,13000,2,1
100,1001101,10,7,2,5,99999999,1,2,15000,3,1
