"May 2, 2025",114.18,115.4,113.37,114.5,114.5,189784700
"May 1, 2025",113.08,114.94,111.3,111.61,111.61,236121500
"Apr 30, 2025",104.47,108.92,104.08,108.92,108.92,235044600
"Apr 29, 2025",107.67,110.2,107.44,109.02,109.02,170444300
"Apr 28, 2025",109.69,110.37,106.02,108.73,108.73,207708500
"Apr 25, 2025",106.85,111.92,105.73,111.01,111.01,251064700
"Apr 24, 2025",103.48,106.54,103.11,106.43,106.43,220815000
"Apr 23, 2025",104.52,104.8,102.02,102.71,102.71,247526000
"Apr 22, 2025",98.78,99.81,97.28,98.89,98.89,241004800
"Apr 21, 2025",98.77,99.44,95.04,96.91,96.91,288501100
"Apr 17, 2025",104.45,104.47,100.05,101.49,101.49,290833400
"Apr 16, 2025",104.55,106.79,100.45,104.49,104.49,397016900
"Apr 15, 2025",110.97,113.62,110.5,112.2,112.2,228966900
"Apr 14, 2025",114.11,114.29,109.07,110.71,110.71,264705000
"Apr 11, 2025",108.5,111.55,107.48,110.93,110.93,313417300
"Apr 10, 2025",109.37,110.86,99.15,107.57,107.57,437812400
"Apr 9, 2025",98.89,115.1,97.53,114.33,114.33,612918300
"Apr 8, 2025",103.81,105.85,94.46,96.3,96.3,476243400
"Apr 7, 2025",87.46,101.75,86.62,97.64,97.64,611041300
"Apr 4, 2025",98.91,100.13,92.11,94.31,94.31,532273800
"Apr 3, 2025",103.51,105.63,101.6,101.8,101.8,338769400
"Apr 2, 2025",107.29,111.98,106.79,110.42,110.42,220601200
"Apr 1, 2025",108.52,110.2,106.47,110.15,110.15,222614000
"Mar 31, 2025",105.13,110.96,103.65,108.38,108.38,299212700
"Mar 28, 2025",111.49,112.87,109.07,109.67,109.67,229872500
"Mar 27, 2025",111.35,114.45,110.66,111.43,111.43,236902100
"Mar 26, 2025",118.73,118.84,112.71,113.76,113.76,293463300
"Mar 25, 2025",120.55,121.29,118.92,120.69,120.69,167447200
"Mar 24, 2025",119.88,122.22,119.34,121.41,121.41,228452500
"Mar 21, 2025",116.94,117.99,115.42,117.7,117.7,266498500
"Mar 20, 2025",116.55,120.2,116.47,118.53,118.53,248829700
"Mar 19, 2025",117.27,120.45,115.68,117.52,117.52,273426200
"Mar 18, 2025",118,119.02,114.54,115.43,115.43,299686900
"Mar 17, 2025",122.74,122.89,118.03,119.53,119.53,255501500
"Mar 14, 2025",118.61,121.88,118.15,121.67,121.67,277593500
"Mar 13, 2025",117.03,117.76,113.79,115.58,115.58,299033100
"Mar 12, 2025",114.12,116.76,112.88,115.74,115.74,323857500
"Mar 11, 2025",106.99,112.24,104.77,108.76,108.75,354865700
"Mar 10, 2025",109.9,111.85,105.46,106.98,106.97,366487400
"Mar 7, 2025",111.25,113.48,107.56,112.69,112.68,341755500
"Mar 6, 2025",113.53,115.35,110.22,110.57,110.56,321181900
"Mar 5, 2025",117.58,118.28,114.51,117.3,117.29,284337900
"Mar 4, 2025",110.65,119.31,110.11,115.99,115.98,398163300
"Mar 3, 2025",123.51,123.7,112.28,114.06,114.05,411381400
"Feb 28, 2025",118.02,125.09,116.4,124.92,124.91,389091100
"Feb 27, 2025",135,135.01,120.01,120.15,120.14,443175800
"Feb 26, 2025",129.99,133.73,128.49,131.28,131.27,322553800
"Feb 25, 2025",129.98,130.2,124.44,126.63,126.62,271428700
"Feb 24, 2025",136.56,138.59,130.08,130.28,130.27,251381100
"Feb 21, 2025",140.04,141.46,134.03,134.43,134.42,228217600
"Feb 20, 2025",140.03,140.66,136.79,140.11,140.1,143903600
"Feb 19, 2025",139.51,141.36,137.22,139.23,139.22,167536000
"Feb 18, 2025",141.27,143.44,137.93,139.4,139.39,219176600
"Feb 14, 2025",136.48,139.25,135.5,138.85,138.84,195479600
"Feb 13, 2025",131.56,136.5,131.17,135.29,135.28,197430000
"Feb 12, 2025",130.02,132.24,129.08,131.14,131.13,160278600
"Feb 11, 2025",132.58,134.48,131.02,132.8,132.79,178902400
"Feb 10, 2025",130.09,135,129.96,133.57,133.56,216989100
"Feb 7, 2025",129.22,130.37,125,129.84,129.83,228186300
"Feb 6, 2025",127.42,128.77,125.21,128.68,128.67,251483600
"Feb 5, 2025",121.76,125,120.76,124.83,124.82,262230800
"Feb 4, 2025",116.96,121.2,116.7,118.65,118.64,256550000
"Feb 3, 2025",114.75,118.57,113.01,116.66,116.65,371235700
"Jan 31, 2025",123.78,127.85,119.19,120.07,120.06,390372900
"Jan 30, 2025",123.1,125,118.1,124.65,124.64,392925500
"Jan 29, 2025",126.5,126.89,120.05,123.7,123.69,467120600
"Jan 28, 2025",121.81,129,116.25,128.99,128.98,579666400
"Jan 27, 2025",124.8,128.4,116.7,118.42,118.41,818830900
"Jan 24, 2025",148.37,148.97,141.88,142.62,142.61,234657600
"Jan 23, 2025",145.05,147.23,143.72,147.22,147.21,155915500
"Jan 22, 2025",144.66,147.79,143.67,147.07,147.06,237651400
"Jan 21, 2025",139.16,141.83,137.09,140.83,140.82,197749000
"Jan 17, 2025",136.69,138.5,135.46,137.71,137.7,201188800
"Jan 16, 2025",138.64,138.75,133.49,133.57,133.56,209235600
"Jan 15, 2025",133.65,136.45,131.29,136.24,136.23,185217300
"Jan 14, 2025",136.05,136.38,130.05,131.76,131.75,195590500
"Jan 13, 2025",129.99,133.49,129.51,133.23,133.22,204808900
"Jan 10, 2025",137.45,139.92,134.22,135.91,135.9,207602500
"Jan 8, 2025",142.58,143.95,137.56,140.11,140.1,227349900
"Jan 7, 2025",153.03,153.13,140.01,140.14,140.13,351782200
"Jan 6, 2025",148.59,152.16,147.82,149.43,149.42,265377400
"Jan 3, 2025",140.01,144.9,139.73,144.47,144.46,229322500
"Jan 2, 2025",136,138.88,134.63,138.31,138.3,198247200
"Dec 31, 2024",138.03,138.07,133.83,134.29,134.28,155659200
"Dec 30, 2024",134.83,140.27,134.02,137.49,137.48,167734700
"Dec 27, 2024",138.55,139.02,134.71,137.01,137,170582600
"Dec 26, 2024",139.7,140.85,137.73,139.93,139.92,116205600
"Dec 24, 2024",140,141.9,138.65,140.22,140.21,105157000
"Dec 23, 2024",136.28,139.79,135.12,139.67,139.66,176053500
"Dec 20, 2024",129.81,135.28,128.22,134.7,134.69,306528600
"Dec 19, 2024",131.76,134.03,129.55,130.68,130.67,209719200
"Dec 18, 2024",133.86,136.7,128.28,128.91,128.9,277444500
"Dec 17, 2024",129.09,131.59,126.86,130.39,130.38,259410300
"Dec 16, 2024",134.18,134.4,130.42,132,131.99,237951100
"Dec 13, 2024",138.94,139.6,132.54,134.25,134.24,231514900
"Dec 12, 2024",137.08,138.44,135.8,137.34,137.33,159211400
"Dec 11, 2024",137.36,140.17,135.21,139.31,139.3,184905200
"Dec 10, 2024",139.01,141.82,133.79,135.07,135.06,210020900
"Dec 9, 2024",138.97,139.95,137.13,138.81,138.8,189308600
"Dec 6, 2024",144.6,145.7,141.31,142.44,142.43,188505600
"Dec 5, 2024",145.11,146.54,143.95,145.06,145.05,172621200
"Dec 4, 2024",142,145.79,140.29,145.14,145.12,231224300
"Dec 3, 2024",138.26,140.54,137.95,140.26,140.24,164414000
"Dec 2, 2024",138.83,140.45,137.82,138.63,138.61,171682800
"Nov 29, 2024",136.78,139.35,136.05,138.25,138.23,141863200
"Nov 27, 2024",135.01,137.22,131.8,135.34,135.32,226370900
"Nov 26, 2024",137.7,139.3,135.67,136.92,136.9,190287700
"Nov 25, 2024",141.99,142.05,135.82,136.02,136,344941900
"Nov 22, 2024",145.93,147.16,141.1,141.95,141.93,236406200
"Nov 21, 2024",149.35,152.89,140.7,146.67,146.65,400946600
"Nov 20, 2024",147.41,147.56,142.73,145.89,145.87,309871700
"Nov 19, 2024",141.32,147.13,140.99,147.01,146.99,227834900
"Nov 18, 2024",139.5,141.55,137.15,140.15,140.13,221866000
"Nov 15, 2024",144.87,145.24,140.08,141.98,141.96,250132900
"Nov 14, 2024",147.64,149,145.55,146.76,146.74,194463300
"Nov 13, 2024",149.07,149.33,145.9,146.27,146.25,191903300
"Nov 12, 2024",146.78,149.65,146.01,148.29,148.27,198634700
"Nov 11, 2024",148.68,148.85,143.57,145.26,145.24,182325600
"Nov 8, 2024",148.77,149.77,146.26,147.63,147.61,175665800
"Nov 7, 2024",146.39,148.93,146.17,148.88,148.86,207323300
"Nov 6, 2024",142.96,146.49,141.96,145.61,145.59,242043900
"Nov 5, 2024",137.45,140.37,137.33,139.91,139.89,160537400
"Nov 4, 2024",137.21,138.96,135.57,136.05,136.03,187528200
"Nov 1, 2024",134.7,137.31,134.57,135.4,135.38,207127800
"Oct 31, 2024",137.6,137.61,132.11,132.76,132.74,270039600
"Oct 30, 2024",139.54,140.33,136.81,139.34,139.32,179418100
"Oct 29, 2024",140.29,142.26,138.9,141.25,141.23,157593600
"Oct 28, 2024",143,143.14,140.05,140.52,140.5,173586700
"Oct 25, 2024",140.93,144.13,140.8,141.54,141.52,205122100
"Oct 24, 2024",140.82,141.35,138.46,140.41,140.39,172354900
"Oct 23, 2024",142.03,142.43,137.46,139.56,139.54,285930000
"Oct 22, 2024",142.91,144.42,141.78,143.59,143.57,226311600
"Oct 21, 2024",138.13,143.71,138,143.71,143.69,264554500
"Oct 18, 2024",138.67,138.9,137.28,138,137.98,176090200
"Oct 17, 2024",139.34,140.89,136.87,136.93,136.91,306435900
"Oct 16, 2024",133.98,136.62,131.58,135.72,135.7,264879700
"Oct 15, 2024",137.87,138.57,128.74,131.6,131.58,377831000
"Oct 14, 2024",136.47,139.6,136.3,138.07,138.05,232347700
"Oct 11, 2024",134.01,135.78,133.66,134.8,134.78,170209500
"Oct 10, 2024",131.91,135,131,134.81,134.79,242311300
"Oct 9, 2024",134.11,134.52,131.38,132.65,132.63,246191600
"Oct 8, 2024",130.26,133.48,129.42,132.89,132.87,285722500
"Oct 7, 2024",124.99,130.64,124.95,127.72,127.7,346250200
"Oct 4, 2024",124.94,125.04,121.83,124.92,124.9,243678100
"Oct 3, 2024",120.92,124.36,120.34,122.85,122.83,277118000
"Oct 2, 2024",116.44,119.38,115.14,118.85,118.83,221845900
"Oct 1, 2024",121.77,122.44,115.79,117,116.98,302094500
"Sep 30, 2024",118.31,121.5,118.15,121.44,121.42,226553700
"Sep 27, 2024",123.97,124.03,119.26,121.4,121.38,271009200
"Sep 26, 2024",126.8,127.67,121.8,124.04,124.02,302582900
"Sep 25, 2024",122.02,124.94,121.61,123.51,123.49,284692900
"Sep 24, 2024",116.52,121.8,115.38,120.87,120.85,354966800
"Sep 23, 2024",116.55,116.99,114.86,116.26,116.24,206228500
"Sep 20, 2024",117.06,118.62,115.39,116,115.98,382462400
"Sep 19, 2024",117.35,119.66,117.25,117.87,117.85,293506400
"Sep 18, 2024",115.89,117.7,113.22,113.37,113.35,310318900
"Sep 17, 2024",118.17,118.8,114.83,115.59,115.57,231925900
"Sep 16, 2024",116.79,118.18,114.36,116.78,116.76,248772300
"Sep 13, 2024",119.08,119.96,117.6,119.1,119.08,238358300
"Sep 12, 2024",116.84,120.79,115.38,119.14,119.12,367100500
"Sep 11, 2024",109.39,117.19,107.42,116.91,116.88,441422400
"Sep 10, 2024",107.81,109.4,104.95,108.1,108.07,268283700
"Sep 9, 2024",104.88,106.55,103.69,106.47,106.44,273912000
"Sep 6, 2024",108.04,108.15,100.95,102.83,102.8,413638100
"Sep 5, 2024",104.99,109.65,104.76,107.21,107.18,306850700
"Sep 4, 2024",105.41,113.27,104.12,106.21,106.18,372470300
"Sep 3, 2024",116.01,116.21,107.29,108,107.97,477155100
"Aug 30, 2024",119.53,121.75,117.22,119.37,119.34,333751600
"Aug 29, 2024",121.36,124.43,116.71,117.59,117.56,453023300
"Aug 28, 2024",128.12,128.33,122.64,125.61,125.58,448101100
"Aug 27, 2024",125.05,129.2,123.88,128.3,128.27,303134600
"Aug 26, 2024",129.57,131.26,124.37,126.46,126.43,331964700
"Aug 23, 2024",125.86,129.6,125.22,129.37,129.34,323230300
"Aug 22, 2024",130.02,130.75,123.1,123.74,123.71,376189100
"Aug 21, 2024",127.32,129.35,126.66,128.5,128.47,257883600
"Aug 20, 2024",128.4,129.88,125.89,127.25,127.22,300087400
"Aug 19, 2024",124.28,130,123.42,130,129.97,318333600
"Aug 16, 2024",121.94,125,121.18,124.58,124.55,302589900
"Aug 15, 2024",118.76,123.24,117.47,122.86,122.83,318086700
"Aug 14, 2024",118.53,118.6,114.07,118.08,118.05,339246400
"Aug 13, 2024",112.44,116.23,111.58,116.14,116.11,312646700
"Aug 12, 2024",106.32,111.07,106.26,109.02,108.99,325559900
"Aug 9, 2024",105.64,106.6,103.43,104.75,104.72,290844200
"Aug 8, 2024",102,105.5,97.52,104.97,104.94,391910000
"Aug 7, 2024",107.81,108.8,98.69,98.91,98.89,411440400
"Aug 6, 2024",103.84,107.71,100.55,104.25,104.22,409012100
"Aug 5, 2024",92.06,103.41,90.69,100.45,100.43,552842400
"Aug 2, 2024",103.76,108.72,101.37,107.27,107.24,482027500
"Aug 1, 2024",117.53,120.16,106.81,109.21,109.18,523462300
"Jul 31, 2024",112.9,118.34,110.88,117.02,116.99,473174200
"Jul 30, 2024",111.52,111.99,102.54,103.73,103.7,486833300
"Jul 29, 2024",113.69,116.28,111.3,111.59,111.56,248152100
"Jul 26, 2024",116.19,116.2,111.58,113.06,113.03,293399100
"Jul 25, 2024",113.04,116.63,106.3,112.28,112.25,460067000
"Jul 24, 2024",119.17,119.95,113.44,114.25,114.22,327776900
"Jul 23, 2024",122.78,124.69,122.1,122.59,122.56,173911000
"Jul 22, 2024",120.35,124.07,119.86,123.54,123.51,258068900
"Jul 19, 2024",120.35,121.6,117.37,117.93,117.9,217223800
"Jul 18, 2024",121.85,122.4,116.56,121.09,121.06,320979500
"Jul 17, 2024",121.35,121.85,116.72,117.99,117.96,390086200
"Jul 16, 2024",128.44,129.04,124.58,126.36,126.33,214769500
"Jul 15, 2024",130.56,131.39,127.18,128.44,128.41,208326200
"Jul 12, 2024",128.26,131.92,127.22,129.24,129.21,252680500
"Jul 11, 2024",135.75,136.15,127.05,127.4,127.37,374782700
"Jul 10, 2024",134.03,135.1,132.42,134.91,134.88,248978600
"Jul 9, 2024",130.35,133.82,128.65,131.38,131.35,285366600
"Jul 8, 2024",127.49,130.77,127.04,128.2,128.17,237677300
"Jul 5, 2024",127.38,128.85,125.68,125.83,125.8,214176700
"Jul 3, 2024",121.66,128.28,121.36,128.28,128.25,215749000
"Jul 2, 2024",121.13,123.41,121.03,122.67,122.64,218374000
"Jul 1, 2024",123.47,124.84,118.83,124.3,124.27,284885500
"Jun 28, 2024",124.58,127.71,122.75,123.54,123.51,315516700
"Jun 27, 2024",124.1,126.41,122.92,123.99,123.96,252571700
"Jun 26, 2024",126.13,128.12,122.6,126.4,126.37,362975900
"Jun 25, 2024",121.2,126.5,119.32,126.09,126.06,425787500
"Jun 24, 2024",123.24,124.46,118.04,118.11,118.08,476060900
"Jun 21, 2024",127.12,130.63,124.3,126.57,126.54,655484700
"Jun 20, 2024",139.8,140.76,129.52,130.78,130.75,517768400
"Jun 18, 2024",131.14,136.33,130.69,135.58,135.55,294335100
"Jun 17, 2024",132.99,133.73,129.58,130.98,130.95,288504400
"Jun 14, 2024",129.96,132.84,128.32,131.88,131.85,309320400
"Jun 13, 2024",129.39,129.8,127.16,129.61,129.58,260704500
"Jun 12, 2024",123.06,126.88,122.57,125.2,125.17,299595000
"Jun 11, 2024",121.77,122.87,118.74,120.91,120.88,222551200
"Jun 10, 2024",120.37,123.1,117.01,121.79,121.75,314162700
"Jun 7, 2024",119.77,121.69,118.02,120.89,120.85,412386000
"Jun 6, 2024",124.05,125.59,118.32,121,120.96,664696000
"Jun 5, 2024",118.37,122.45,117.47,122.44,122.4,528402000
"Jun 4, 2024",115.72,116.6,114.04,116.44,116.4,403324000
"Jun 3, 2024",113.62,115,112,115,114.96,438392000
"May 31, 2024",112.52,112.72,106.94,109.63,109.6,613263000
"May 30, 2024",114.65,115.82,109.66,110.5,110.46,487350000
"May 29, 2024",113.05,115.49,110.9,114.82,114.79,557442000
"May 28, 2024",110.24,114.94,109.88,113.9,113.86,652728000
"May 24, 2024",104.45,106.47,103,106.47,106.43,429494000
"May 23, 2024",102.03,106.32,101.52,103.8,103.76,835065000
"May 22, 2024",95.46,96.02,93.25,94.95,94.92,548648000
"May 21, 2024",93.6,95.4,93.18,95.39,95.35,328946000
"May 20, 2024",93.75,95.2,93.44,94.78,94.75,318764000
"May 17, 2024",94.37,94.74,91.81,92.48,92.45,359691000
"May 16, 2024",94.91,95.82,94.1,94.36,94.33,323952000
"May 15, 2024",92.47,94.86,91.6,94.63,94.6,417735000
"May 14, 2024",89.6,91.65,88.93,91.36,91.33,296507000
"May 13, 2024",90.48,91,88.53,90.4,90.37,289680000
"May 10, 2024",90.31,91.4,89.23,89.88,89.85,335325000
"May 9, 2024",90.53,91.07,88.23,88.75,88.72,378013000
"May 8, 2024",89.48,91.19,89.42,90.41,90.38,325721000
"May 7, 2024",91.1,91.78,89.01,90.55,90.52,437342000
"May 6, 2024",89.39,92.22,89.06,92.14,92.11,376203000
"May 3, 2024",87.79,89.28,87.04,88.79,88.76,398341000
"May 2, 2024",84.45,86.24,83.2,85.82,85.79,377898000
"May 1, 2024",85.08,86,81.25,83.04,83.01,559863000
"Apr 30, 2024",87.24,88.82,86.3,86.4,86.37,363709000
"Apr 29, 2024",87.6,87.99,85.27,87.76,87.73,388971000
"Apr 26, 2024",83.82,88.33,83.39,87.74,87.71,551011000
"Apr 25, 2024",78.87,83.32,78.22,82.63,82.6,424641000
"Apr 24, 2024",83.95,84.08,79.18,79.68,79.65,512208000
"Apr 23, 2024",80.77,82.77,80.26,82.42,82.4,438559000
"Apr 22, 2024",78.1,80.07,76.4,79.52,79.49,596341000
"Apr 19, 2024",83.15,84.32,75.61,76.2,76.17,875198000
"Apr 18, 2024",84.97,86.19,82.4,84.67,84.64,447260000
"Apr 17, 2024",88.34,88.78,83.95,84.04,84.01,495400000
"Apr 16, 2024",86.43,88.12,86.06,87.42,87.39,370453000
"Apr 15, 2024",89.1,90.61,85.93,86,85.97,443077000
"Apr 12, 2024",89.7,90.18,87.53,88.19,88.16,426805000
"Apr 11, 2024",87.42,90.74,86.93,90.62,90.59,431637000
"Apr 10, 2024",83.93,87.4,83.71,87.04,87.01,431929000
"Apr 9, 2024",87.44,87.64,83.02,85.35,85.33,503547000
"Apr 8, 2024",88.7,88.83,86.73,87.13,87.1,283220000
"Apr 5, 2024",86.87,88.48,85.93,88.01,87.98,399678000
"Apr 4, 2024",90.41,90.63,85.88,85.9,85.88,434965000
"Apr 3, 2024",88.48,90.37,88.4,88.96,88.93,370067000
"Apr 2, 2024",88.45,90.09,87.62,89.45,89.42,433064000
"Apr 1, 2024",90.3,92.22,89.2,90.36,90.33,452441000
"Mar 28, 2024",90,91.3,89.19,90.36,90.33,435212000
"Mar 27, 2024",93.11,93.24,89.12,90.25,90.22,586067000
"Mar 26, 2024",95.85,96.38,92.5,92.56,92.53,513648000
"Mar 25, 2024",93.94,96.77,93.51,95,94.97,552136000
"Mar 22, 2024",91.14,94.78,90.83,94.29,94.26,586719000
"Mar 21, 2024",92.3,92.65,90.4,91.43,91.4,480372000
"Mar 20, 2024",89.8,90.41,88.22,90.37,90.34,479063000
"Mar 19, 2024",86.7,90.54,85.01,89.4,89.37,672171000
"Mar 18, 2024",90.39,92.4,87.08,88.46,88.43,668976000
"Mar 15, 2024",86.93,89.55,86.26,87.84,87.81,642086000
"Mar 14, 2024",89.58,90.65,86.6,87.94,87.92,602318000
"Mar 13, 2024",91.06,91.5,88.43,90.89,90.86,635713000
"Mar 12, 2024",88.05,91.96,86.15,91.91,91.88,668075000
"Mar 11, 2024",86.43,88.8,84.17,85.77,85.75,678364000
"Mar 8, 2024",95.14,97.4,86.51,87.53,87.5,1142269000
"Mar 7, 2024",90.16,92.77,89.6,92.67,92.64,608119000
"Mar 6, 2024",88.02,89.72,87.03,88.7,88.67,582520000
"Mar 5, 2024",85.27,86.1,83.42,85.96,85.94,520639000
"Mar 4, 2024",84.13,87.69,83.72,85.24,85.21,615616000
"Mar 1, 2024",80,82.3,79.43,82.28,82.25,479135000
"Feb 29, 2024",79.09,79.99,78.35,79.11,79.08,507289000
"Feb 28, 2024",77.62,78.93,77.13,77.66,77.63,393110000
"Feb 27, 2024",79.38,79.48,77.16,78.7,78.67,391705000
"Feb 26, 2024",79.7,80.65,78.5,79.09,79.06,503973000
"Feb 23, 2024",80.79,82.39,77.57,78.82,78.79,829388000
"Feb 22, 2024",75.03,78.57,74.22,78.54,78.51,865100000
"Feb 21, 2024",68.01,68.89,66.25,67.47,67.45,690298000
"Feb 20, 2024",71.95,71.96,67.73,69.45,69.43,704833000
"Feb 16, 2024",74.1,74.4,72.5,72.61,72.59,495327000
"Feb 15, 2024",73.87,73.97,72.4,72.66,72.63,420122000
"Feb 14, 2024",73.2,74.24,71.94,73.9,73.87,504917000
"Feb 13, 2024",70.4,73.45,69.62,72.13,72.1,602580000
"Feb 12, 2024",72.6,74.61,71.25,72.25,72.22,613710000
"Feb 9, 2024",70.53,72.18,70.21,72.13,72.11,436637000
"Feb 8, 2024",70.07,70.79,69.46,69.64,69.61,414422000
"Feb 7, 2024",68.32,70.22,67.6,70.1,70.07,495575000
"Feb 6, 2024",69.63,69.75,66.3,68.22,68.2,683111000
"Feb 5, 2024",68.22,69.5,67.21,69.33,69.31,680078000
"Feb 2, 2024",63.97,66.6,63.69,66.16,66.14,476578000
"Feb 1, 2024",62.1,63.19,61.65,63.03,63,369146000
"Jan 31, 2024",61.44,62.27,60.7,61.53,61.5,453795000
"Jan 30, 2024",62.9,63.49,62.26,62.77,62.75,410735000
"Jan 29, 2024",61.23,62.49,60.91,62.47,62.44,348733000
"Jan 26, 2024",60.96,61.78,60.57,61.03,61.01,390309000
"Jan 25, 2024",62.35,62.72,60.85,61.62,61.59,482777000
"Jan 24, 2024",60.3,62.85,59.94,61.36,61.34,560271000
"Jan 23, 2024",59.57,59.91,58.58,59.87,59.85,294654000
"Jan 22, 2024",60.05,60.33,59.07,59.65,59.63,452955000
"Jan 19, 2024",57.99,59.5,57.22,59.49,59.47,543501000
"Jan 18, 2024",57.26,57.6,56.11,57.11,57.09,491650000
"Jan 17, 2024",56.35,56.47,54.74,56.05,56.03,474394000
"Jan 16, 2024",55.02,56.83,54.9,56.38,56.36,449580000
"Jan 12, 2024",54.62,54.97,54.33,54.71,54.69,352994000
"Jan 11, 2024",55,55.35,53.56,54.82,54.8,596759000
"Jan 10, 2024",53.62,54.6,53.49,54.35,54.33,533796000
"Jan 9, 2024",52.4,54.33,51.69,53.14,53.12,773100000
"Jan 8, 2024",49.51,52.28,49.48,52.25,52.23,642510000
"Jan 5, 2024",48.46,49.55,48.31,49.1,49.08,415039000
"Jan 4, 2024",47.77,48.5,47.51,48,47.98,306535000
"Jan 3, 2024",47.49,48.18,47.32,47.57,47.55,320896000
"Jan 2, 2024",49.24,49.29,47.6,48.17,48.15,411254000
"Dec 29, 2023",49.81,50,48.75,49.52,49.5,389293000
"Dec 28, 2023",49.64,49.88,49.41,49.52,49.5,246587000
"Dec 27, 2023",49.51,49.68,49.08,49.42,49.4,233648000
"Dec 26, 2023",48.97,49.6,48.96,49.28,49.26,244200000
"Dec 22, 2023",49.19,49.38,48.47,48.83,48.81,252507000
"Dec 21, 2023",48.81,49.1,48.42,48.99,48.97,300425000
"Dec 20, 2023",49.65,50,48.1,48.11,48.09,397894000
"Dec 19, 2023",49.42,49.7,48.9,49.6,49.59,464444000
"Dec 18, 2023",49.4,50.43,49.15,50.08,50.06,412587000
"Dec 15, 2023",48.19,49.4,48.12,48.89,48.87,479948000
"Dec 14, 2023",48.39,48.67,47.42,48.35,48.33,391232000
"Dec 13, 2023",47.63,48.59,47.61,48.09,48.07,447792000
"Dec 12, 2023",46.05,47.67,46.05,47.66,47.64,372387000
"Dec 11, 2023",47.49,47.53,45.83,46.63,46.61,509728000
"Dec 8, 2023",46.6,47.74,46.55,47.51,47.49,359224000
"Dec 7, 2023",45.7,46.63,45.6,46.6,46.58,350823000
"Dec 6, 2023",47.22,47.39,45.41,45.5,45.49,380590000
"Dec 5, 2023",45.47,46.6,45.27,46.57,46.55,371718000
"Dec 4, 2023",46.08,46.08,45.01,45.51,45.49,437543000
"Dec 1, 2023",46.53,47.2,46.19,46.76,46.74,369317000
"Nov 30, 2023",48.02,48.11,46.42,46.77,46.75,526247000
"Nov 29, 2023",48.38,48.76,47.86,48.14,48.12,382005000
"Nov 28, 2023",48.24,48.32,47.47,47.82,47.8,401491000
"Nov 27, 2023",47.8,48.53,47.65,48.24,48.22,395662000
"Nov 24, 2023",48.47,48.92,47.74,47.78,47.75,294645000
"Nov 22, 2023",49.85,50.33,47.69,48.72,48.69,899420000
"Nov 21, 2023",50.13,50.52,49.22,49.94,49.92,565747000
"Nov 20, 2023",49.31,50.55,49.18,50.41,50.39,414120000
"Nov 17, 2023",49.52,49.72,49.01,49.3,49.28,325205000
"Nov 16, 2023",48.68,49.53,48.33,49.48,49.46,339756000
"Nov 15, 2023",49.94,49.96,48.2,48.89,48.87,475497000
"Nov 14, 2023",49.68,49.83,49.04,49.66,49.63,416954000
"Nov 13, 2023",48.32,49.12,48.1,48.62,48.6,384136000
"Nov 10, 2023",47.5,48.47,47.28,48.33,48.31,421245000
"Nov 9, 2023",47.47,48.23,46.75,46.95,46.93,540496000
"Nov 8, 2023",46.1,46.87,45.97,46.57,46.55,346719000
"Nov 7, 2023",45.72,46.22,45.16,45.96,45.93,343165000
"Nov 6, 2023",45.28,45.94,44.9,45.75,45.73,400733000
"Nov 3, 2023",44.02,45.31,43.72,45.01,44.98,424610000
"Nov 2, 2023",43.33,43.88,42.89,43.51,43.49,409172000
"Nov 1, 2023",40.88,42.38,40.87,42.33,42.31,437593000
"Oct 31, 2023",40.45,40.88,39.23,40.78,40.76,517969000
"Oct 30, 2023",41.09,41.77,40.48,41.16,41.14,388028000
"Oct 27, 2023",41.13,41.21,40.01,40.5,40.48,416784000
"Oct 26, 2023",41.85,42.26,39.88,40.33,40.31,541001000
"Oct 25, 2023",43.4,43.65,41.56,41.78,41.76,398379000
"Oct 24, 2023",43.08,43.7,42.69,43.66,43.64,401463000
"Oct 23, 2023",41.23,43.25,40.94,42.97,42.96,478530000
"Oct 20, 2023",41.89,42.47,41.08,41.39,41.37,477266000
"Oct 19, 2023",42.81,43.3,41.88,42.1,42.08,501233000
"Oct 18, 2023",42.59,43.22,41.83,42.2,42.18,627294000
"Oct 17, 2023",44,44.75,42.48,43.94,43.92,812333000
"Oct 16, 2023",45.06,46.22,44.91,46.1,46.07,375099000
"Oct 13, 2023",46.96,47.12,45.28,45.46,45.44,474115000
"Oct 12, 2023",46.78,47.61,46.33,46.94,46.92,481325000
"Oct 11, 2023",46.2,46.86,46.05,46.81,46.78,378137000
"Oct 10, 2023",45.31,46.26,45.09,45.8,45.78,368582000
"Oct 9, 2023",44.84,45.6,44.37,45.27,45.25,409675000
"Oct 6, 2023",44.19,45.79,44.03,45.76,45.74,434436000
"Oct 5, 2023",44.05,44.9,43.89,44.69,44.67,393483000
"Oct 4, 2023",43.74,44.14,43.29,44.04,44.02,361821000
"Oct 3, 2023",44.81,45.13,43.25,43.52,43.5,470850000
"Oct 2, 2023",44.03,45.17,43.86,44.78,44.76,433298000
"Sep 29, 2023",43.83,44.14,43.31,43.5,43.48,397830000
"Sep 28, 2023",42.46,43.45,42.12,43.09,43.07,424663000
"Sep 27, 2023",42.33,42.87,41.63,42.47,42.45,444935000
"Sep 26, 2023",42,42.82,41.65,41.91,41.89,402282000
"Sep 25, 2023",41.59,42.54,41.18,42.22,42.2,419091000
"Sep 22, 2023",41.57,42.12,41.23,41.61,41.59,479236000
"Sep 21, 2023",41.58,42.1,40.98,41.02,41,450736000
"Sep 20, 2023",43.6,43.9,42.22,42.24,42.22,367108000
"Sep 19, 2023",43.83,43.97,43,43.52,43.5,373064000
"Sep 18, 2023",42.75,44.24,42,43.97,43.95,500271000
"Sep 15, 2023",45.34,45.6,43.81,43.9,43.88,506831000
"Sep 14, 2023",45.95,45.99,45.13,45.58,45.56,370097000
"Sep 13, 2023",44.6,45.93,44.5,45.49,45.46,398355000
"Sep 12, 2023",44.74,45.67,44.53,44.87,44.85,349256000
"Sep 11, 2023",46.15,46.16,44.31,45.18,45.16,473966000
"Sep 8, 2023",45.94,46.61,45.27,45.57,45.55,473069000
"Sep 7, 2023",45.53,46.34,45.15,46.24,46.22,433330000
"Sep 6, 2023",48.44,48.55,46.58,47.06,47.04,468670000
"Sep 5, 2023",48.22,48.85,47.86,48.55,48.52,382653000
"Sep 1, 2023",49.76,49.8,48.14,48.51,48.48,463830000
"Aug 31, 2023",49.38,49.74,48.96,49.35,49.33,528570000
"Aug 30, 2023",49.04,49.93,48.42,49.26,49.24,735206000
"Aug 29, 2023",46.67,49.08,46.39,48.78,48.76,701397000
"Aug 28, 2023",46.48,46.98,44.89,46.83,46.81,685192000
"Aug 25, 2023",47.01,47.81,45.02,46.02,45.99,925341000
"Aug 24, 2023",50.22,50.27,47.16,47.16,47.14,1156044000
"Aug 23, 2023",45.87,47.2,45.21,47.12,47.09,779046000
"Aug 22, 2023",48.13,48.19,45.33,45.67,45.64,755293000
"Aug 21, 2023",44.49,47.06,44.22,46.97,46.94,692573000
"Aug 18, 2023",42.63,43.58,41.66,43.3,43.28,583768000
"Aug 17, 2023",43.97,44.06,43,43.34,43.32,452395000
"Aug 16, 2023",44.52,44.67,43.41,43.49,43.46,527451000
"Aug 15, 2023",44.56,45.27,43.71,43.94,43.92,676512000
"Aug 14, 2023",40.49,43.8,40.31,43.75,43.73,690286000
"Aug 11, 2023",41.75,42.02,40.64,40.85,40.83,533085000
"Aug 10, 2023",42.16,43.57,41.83,42.39,42.36,492705000
"Aug 9, 2023",44.27,44.31,42.13,42.55,42.53,586449000
"Aug 8, 2023",44.85,45.24,44.06,44.66,44.64,353843000
"Aug 7, 2023",45.11,45.54,44.56,45.42,45.39,322154000
"Aug 4, 2023",44.99,45.64,44.39,44.68,44.66,362666000
"Aug 3, 2023",43.8,45.12,43.8,44.51,44.49,324176000
"Aug 2, 2023",45.83,45.84,43.39,44.27,44.24,530142000
"Aug 1, 2023",46.46,46.9,46.03,46.51,46.48,237858000
"Jul 31, 2023",46.75,47.13,46.51,46.73,46.7,251055000
"Jul 28, 2023",46.67,47.03,46.38,46.75,46.72,331194000
"Jul 27, 2023",46.52,47.4,45.75,45.9,45.87,455976000
"Jul 26, 2023",46.02,46.05,44.63,45.45,45.43,364237000
"Jul 25, 2023",44.94,46.18,44.92,45.68,45.65,348081000
"Jul 24, 2023",44.73,45.11,44.04,44.61,44.59,382516000
"Jul 21, 2023",45.79,45.87,44.1,44.31,44.28,963769000
"Jul 20, 2023",46.51,47.09,45.06,45.52,45.5,537865000
"Jul 19, 2023",47.46,47.82,46.74,47.08,47.05,427502000
"Jul 18, 2023",46.7,47.9,45.73,47.49,47.47,569164000
"Jul 17, 2023",46.29,46.5,45.26,46.46,46.44,510488000
"Jul 14, 2023",46.58,48.09,45.06,45.47,45.44,772075000
"Jul 13, 2023",44.52,46.15,44.49,45.98,45.95,478204000
"Jul 12, 2023",43.03,43.94,42.78,43.9,43.88,481277000
"Jul 11, 2023",42.48,42.76,42.07,42.4,42.38,298244000
"Jul 10, 2023",42.66,42.81,41.65,42.18,42.16,353908000
"Jul 7, 2023",42.32,43.21,42.18,42.5,42.48,355881000
"Jul 6, 2023",41.84,42.18,41.35,42.1,42.08,303582000
"Jul 5, 2023",42.13,43.18,42.08,42.32,42.29,323618000
"Jul 3, 2023",42.52,42.9,42.2,42.41,42.39,198209000
"Jun 30, 2023",41.68,42.55,41.5,42.3,42.28,501148000
"Jun 29, 2023",41.56,41.6,40.6,40.82,40.8,380514000
"Jun 28, 2023",40.66,41.85,40.52,41.12,41.09,582639000
"Jun 27, 2023",40.8,41.94,40.45,41.88,41.85,462175000
"Jun 26, 2023",42.46,42.76,40.1,40.63,40.61,594322000
"Jun 23, 2023",42.46,42.81,42.01,42.21,42.19,358140000
"Jun 22, 2023",42.25,43.43,42.23,43.03,43,417737000
"Jun 21, 2023",43.5,43.62,42.08,43.04,43.02,551603000
"Jun 20, 2023",43,43.99,42.67,43.81,43.78,451153000
"Jun 16, 2023",43.45,43.72,42.66,42.69,42.67,655709000
"Jun 15, 2023",42.6,43.29,42.15,42.65,42.63,568622000
"Jun 14, 2023",40.82,43,40.55,43,42.97,740465000
"Jun 13, 2023",40.19,41.1,39.74,41.02,41,613208000
"Jun 12, 2023",39.2,39.53,38.62,39.48,39.46,388701000
"Jun 9, 2023",39.04,39.71,38.57,38.77,38.75,427717000
"Jun 8, 2023",37.72,38.86,37.51,38.51,38.49,417772000
"Jun 7, 2023",38.92,39.5,37.36,37.47,37.45,511998000
"Jun 6, 2023",38.83,39.16,38.15,38.65,38.63,388729000
"Jun 5, 2023",38.91,39.56,38.71,39.17,39.15,396094000
"Jun 2, 2023",40.1,40.5,39.06,39.33,39.3,482731000
"Jun 1, 2023",38.49,40.05,38.34,39.77,39.74,635873000
"May 31, 2023",39.49,40.29,37.82,37.83,37.81,1002580000
"May 30, 2023",40.6,41.94,39.95,40.11,40.08,923401000
"May 26, 2023",37.89,39.17,37.55,38.95,38.92,714397000
"May 25, 2023",38.52,39.48,36.63,37.98,37.96,1543911000
"May 24, 2023",30.21,30.61,29.81,30.54,30.52,721419000
"May 23, 2023",31,31.29,30.63,30.69,30.67,356253000
"May 22, 2023",30.9,31.52,30.68,31.18,31.16,372000000
"May 19, 2023",31.54,31.58,30.92,31.26,31.24,473908000
"May 18, 2023",30.41,31.83,30.32,31.68,31.66,748725000
"May 17, 2023",29.58,30.2,29.43,30.18,30.16,432535000
"May 16, 2023",28.84,29.87,28.83,29.21,29.19,449405000
"May 15, 2023",28.51,28.97,28.15,28.95,28.93,293926000
"May 12, 2023",28.53,28.78,28.05,28.34,28.32,274222000
"May 11, 2023",28.9,28.95,28.25,28.58,28.56,322149000
"May 10, 2023",29,29.11,28.46,28.89,28.87,369350000
"May 9, 2023",28.9,28.97,28.45,28.57,28.55,314869000
"May 8, 2023",28.52,29.22,28.35,29.15,29.13,344979000
"May 5, 2023",27.83,28.75,27.73,28.68,28.66,361494000
"May 4, 2023",27.65,27.86,27.24,27.56,27.54,321850000
"May 3, 2023",27.84,28.37,27.47,27.8,27.78,383387000
"May 2, 2023",28.68,28.84,28.08,28.21,28.19,402730000
"May 1, 2023",27.84,29.06,27.78,28.91,28.89,570329000
"Apr 28, 2023",27.23,27.76,27.07,27.75,27.73,292216000
"Apr 27, 2023",27.36,27.5,26.63,27.23,27.21,377161000
"Apr 26, 2023",27,27.33,26.7,26.96,26.94,406337000
"Apr 25, 2023",27.08,27.25,26.23,26.24,26.22,378527000
"Apr 24, 2023",27.01,27.37,26.67,27.04,27.02,339282000
"Apr 21, 2023",26.95,27.18,26.72,27.12,27.1,345103000
"Apr 20, 2023",27.67,28.03,27,27.1,27.09,427713000
"Apr 19, 2023",27.36,28,27.23,27.93,27.91,358660000
"Apr 18, 2023",27.53,28.11,27.36,27.67,27.65,604812000
"Apr 17, 2023",26.57,27.01,26.43,27,26.98,321471000
"Apr 14, 2023",26.5,26.88,26.22,26.76,26.74,395660000
"Apr 13, 2023",26.73,26.89,26.33,26.46,26.45,353615000
"Apr 12, 2023",27.37,27.47,26.45,26.5,26.48,446259000
"Apr 11, 2023",27.72,27.79,27.13,27.17,27.15,314378000
"Apr 10, 2023",26.82,27.62,26.67,27.58,27.56,395279000
"Apr 6, 2023",26.58,27.08,26.43,27.04,27.02,397654000
"Apr 5, 2023",26.83,27,26.4,26.88,26.86,515015000
"Apr 4, 2023",27.97,28,27.31,27.45,27.44,368592000
"Apr 3, 2023",27.51,28,27.34,27.97,27.95,398716000
"Mar 31, 2023",27.14,27.83,27.1,27.78,27.76,433933000
"Mar 30, 2023",27.23,27.5,27.1,27.38,27.37,364516000
"Mar 29, 2023",26.83,27.08,26.6,26.98,26.97,393694000
"Mar 28, 2023",26.45,26.51,25.85,26.41,26.39,356104000
"Mar 27, 2023",26.84,27,26.36,26.53,26.51,361026000
"Mar 24, 2023",27.03,27.17,26.35,26.78,26.76,454920000
"Mar 23, 2023",27.11,27.5,26.69,27.19,27.17,564889000
"Mar 22, 2023",26.42,27.59,26.24,26.47,26.45,797295000
"Mar 21, 2023",26.18,26.39,25.38,26.2,26.18,547408000
"Mar 20, 2023",25.61,26.02,25.13,25.9,25.88,432747000
"Mar 17, 2023",25.98,26.4,25.67,25.73,25.71,848547000
"Mar 16, 2023",24.03,25.59,23.89,25.54,25.52,583253000
"Mar 15, 2023",23.76,24.29,23.36,24.23,24.21,524486000
"Mar 14, 2023",23.5,24.22,23.46,24.06,24.05,474910000
"Mar 13, 2023",22.75,23.3,22.3,22.97,22.95,421890000
"Mar 10, 2023",23.41,23.63,22.73,22.97,22.95,474866000
"Mar 9, 2023",24.17,24.45,23.38,23.44,23.42,501257000
"Mar 8, 2023",23.49,24.2,23.42,24.18,24.17,513573000
"Mar 7, 2023",23.6,24.13,23.24,23.29,23.27,515154000
"Mar 6, 2023",23.89,24.25,23.49,23.55,23.53,437429000
"Mar 3, 2023",23.32,23.9,23.13,23.89,23.87,412393000
"Mar 2, 2023",22.49,23.38,22.43,23.31,23.29,389415000
"Mar 1, 2023",23.19,23.26,22.51,22.7,22.68,460026000
"Feb 28, 2023",23.37,23.83,23.21,23.22,23.2,455963000
"Feb 27, 2023",23.67,23.88,23.45,23.5,23.48,452994000
"Feb 24, 2023",23.23,23.47,22.95,23.29,23.27,589716000
"Feb 23, 2023",23.44,23.89,23.02,23.66,23.64,1117995000
"Feb 22, 2023",20.71,21.1,20.42,20.75,20.74,513184000
"Feb 21, 2023",21,21.49,20.62,20.66,20.64,410015000
"Feb 17, 2023",21.63,21.74,20.98,21.39,21.37,465888000
"Feb 16, 2023",22.13,22.55,21.93,22,21.98,412026000
"Feb 15, 2023",22.55,22.85,22.11,22.76,22.75,420575000
"Feb 14, 2023",21.58,23.05,21.37,22.97,22.95,675474000
"Feb 13, 2023",21.54,22.05,20.96,21.79,21.77,474919000
"Feb 10, 2023",21.69,22.08,20.81,21.26,21.25,550737000
"Feb 9, 2023",22.61,23.02,22.12,22.34,22.32,523876000
"Feb 8, 2023",22.39,22.88,22.01,22.2,22.19,559651000
"Feb 7, 2023",21.38,22.26,21.15,22.17,22.15,664150000
"Feb 6, 2023",20.81,21.57,20.79,21.09,21.07,452197000
"Feb 3, 2023",21,21.75,20.79,21.1,21.08,429366000
"Feb 2, 2023",21,21.95,20.7,21.71,21.69,564276000
"Feb 1, 2023",19.69,21.19,19.61,20.94,20.93,660477000
"Jan 31, 2023",19.17,19.69,18.95,19.54,19.52,498017000
"Jan 30, 2023",19.95,20.14,19.15,19.16,19.15,488611000
"Jan 27, 2023",19.46,20.63,19.41,20.36,20.35,542142000
"Jan 26, 2023",19.7,20.17,19.28,19.8,19.79,489535000
"Jan 25, 2023",18.91,19.37,18.58,19.32,19.31,449537000
"Jan 24, 2023",18.83,19.5,18.82,19.26,19.25,496204000
"Jan 23, 2023",18.06,19.25,17.82,19.19,19.18,655163000
"Jan 20, 2023",17.01,17.86,16.83,17.84,17.82,564967000
"Jan 19, 2023",17.04,17.2,16.73,16.76,16.75,452932000
"Jan 18, 2023",17.67,17.87,17.28,17.38,17.36,439624000
"Jan 17, 2023",16.9,17.73,16.9,17.7,17.69,511102000
"Jan 13, 2023",16.28,16.92,16.17,16.9,16.89,447287000
"Jan 12, 2023",16.1,16.64,15.49,16.51,16.5,551409000
"Jan 11, 2023",15.84,16.03,15.56,16,15.99,353285000
"Jan 10, 2023",15.51,15.96,15.47,15.91,15.9,384101000
"Jan 9, 2023",15.28,16.06,15.14,15.63,15.62,504231000
"Jan 6, 2023",14.47,15.01,14.03,14.86,14.85,405044000
"Jan 5, 2023",14.49,14.56,14.15,14.27,14.25,389168000
"Jan 4, 2023",14.57,14.85,14.24,14.75,14.74,431324000
"Jan 3, 2023",14.85,15,14.1,14.31,14.3,401277000
"Dec 30, 2022",14.33,14.63,14.23,14.61,14.6,310490000
"Dec 29, 2022",14.4,14.68,14.23,14.6,14.59,354923000
"Dec 28, 2022",13.93,14.26,13.88,14.04,14.02,351066000
"Dec 27, 2022",15.07,15.1,14.06,14.12,14.11,464902000
"Dec 23, 2022",15.2,15.34,14.88,15.21,15.19,349326000
"Dec 22, 2022",16.09,16.14,14.88,15.34,15.33,565045000
"Dec 21, 2022",16.11,16.63,16.1,16.5,16.49,325025000
"Dec 20, 2022",16.06,16.31,15.85,16.08,16.07,403260000
"Dec 19, 2022",16.57,16.61,16.15,16.25,16.24,354039000
"Dec 16, 2022",16.86,17.04,16.41,16.57,16.56,478232000
"Dec 15, 2022",17.15,17.32,16.7,16.95,16.94,478542000
"Dec 14, 2022",17.99,18.25,17.42,17.67,17.66,496888000
"Dec 13, 2022",18.53,18.79,17.71,18.07,18.06,656589000
"Dec 12, 2022",17.04,17.54,16.8,17.53,17.52,457328000
"Dec 9, 2022",17.16,17.58,16.98,17,16.99,465338000
"Dec 8, 2022",16.27,17.18,15.96,17.17,17.15,515456000
"Dec 7, 2022",15.77,16.19,15.67,16.12,16.11,372388000
"Dec 6, 2022",16.53,16.57,15.82,15.99,15.97,352694000
"Dec 5, 2022",16.68,17,16.47,16.61,16.6,352255000
"Dec 2, 2022",16.66,16.93,16.44,16.88,16.86,371389000
"Dec 1, 2022",17,17.26,16.64,17.14,17.12,470977000
"Nov 30, 2022",15.7,16.93,15.6,16.92,16.91,565298000
"Nov 29, 2022",15.83,15.93,15.52,15.64,15.62,298384000
"Nov 28, 2022",16.03,16.36,15.73,15.83,15.81,303741000
"Nov 25, 2022",16.32,16.49,16.17,16.27,16.25,167934000
"Nov 23, 2022",16.1,16.53,16.05,16.52,16.5,427241000
"Nov 22, 2022",15.33,16.06,15.12,16.04,16.02,472866000
"Nov 21, 2022",15.15,15.48,15.08,15.32,15.3,404739000
"Nov 18, 2022",15.97,16,15.12,15.41,15.39,492072000
"Nov 17, 2022",15.72,16.27,15.53,15.68,15.66,710894000
"Nov 16, 2022",16.16,16.36,15.87,15.91,15.89,649547000
"Nov 15, 2022",16.72,17,16.38,16.67,16.65,545876000
"Nov 14, 2022",16.22,16.54,15.92,16.3,16.28,527852000
"Nov 11, 2022",15.81,16.39,15.48,16.33,16.31,655487000
"Nov 10, 2022",14.8,15.77,14.55,15.75,15.73,700819000
"Nov 9, 2022",14.16,14.21,13.76,13.78,13.76,454414000
"Nov 8, 2022",14.8,14.89,14.22,14.6,14.59,595292000
"Nov 7, 2022",14.23,14.41,13.95,14.3,14.29,410061000
"Nov 4, 2022",13.99,14.23,13.7,14.16,14.14,612576000
"Nov 3, 2022",13.04,13.78,12.96,13.42,13.41,500065000
"Nov 2, 2022",13.85,14.21,13.21,13.22,13.2,672628000
"Nov 1, 2022",13.81,13.93,13.52,13.54,13.53,432817000
"Oct 31, 2022",13.78,13.84,13.3,13.5,13.48,486341000
"Oct 28, 2022",13.1,13.85,13.06,13.83,13.82,521040000
"Oct 27, 2022",13.63,13.84,13.12,13.18,13.16,583113000
"Oct 26, 2022",12.87,13.39,12.71,12.9,12.88,532953000
"Oct 25, 2022",12.69,13.3,12.66,13.26,13.25,505482000
"Oct 24, 2022",12.51,12.71,12.06,12.6,12.59,517457000
"Oct 21, 2022",12.1,12.5,11.89,12.47,12.45,609494000
"Oct 20, 2022",12.11,12.77,12.1,12.19,12.18,652398000
"Oct 19, 2022",11.88,12.35,11.83,12.05,12.04,523131000
"Oct 18, 2022",12.34,12.49,11.62,11.97,11.95,659362000
"Oct 17, 2022",11.52,11.95,11.52,11.89,11.88,580774000
"Oct 14, 2022",12.06,12.11,11.2,11.23,11.21,713432000
"Oct 13, 2022",10.97,12.08,10.81,11.96,11.95,850103000
"Oct 12, 2022",11.58,11.73,11.35,11.5,11.49,492590000
"Oct 11, 2022",11.56,11.85,11.28,11.59,11.57,667482000
"Oct 10, 2022",12.04,12.12,11.41,11.67,11.66,698699000
"Oct 7, 2022",12.51,12.67,12.02,12.08,12.06,672478000
"Oct 6, 2022",13.22,13.66,13.1,13.13,13.12,644157000
"Oct 5, 2022",12.91,13.32,12.62,13.21,13.19,507131000
"Oct 4, 2022",12.88,13.22,12.88,13.17,13.15,584182000
"Oct 3, 2022",12.35,12.68,12.1,12.51,12.5,547478000
"Sep 30, 2022",12.09,12.63,12.07,12.14,12.13,565638000
"Sep 29, 2022",12.45,12.5,11.95,12.22,12.21,532763000
"Sep 28, 2022",12.41,12.82,12.35,12.74,12.72,542414000
"Sep 27, 2022",12.51,12.74,12.26,12.41,12.4,553854000
"Sep 26, 2022",12.49,12.66,12.21,12.23,12.21,547343000
"Sep 23, 2022",12.42,12.61,12.26,12.52,12.5,663309000
"Sep 22, 2022",13.07,13.15,12.43,12.56,12.55,759162000
"Sep 21, 2022",13.21,14.03,13.11,13.26,13.25,807679000
"Sep 20, 2022",13.22,13.48,13.06,13.18,13.16,524818000
"Sep 19, 2022",13.01,13.46,13.01,13.38,13.37,569685000
"Sep 16, 2022",12.74,13.21,12.62,13.2,13.18,670751000
"Sep 15, 2022",13.02,13.23,12.79,12.93,12.92,523625000
"Sep 14, 2022",13.25,13.29,12.91,13.13,13.11,588507000
"Sep 13, 2022",13.8,13.92,13.1,13.13,13.12,714956000
"Sep 12, 2022",14.37,14.55,14.2,14.51,14.49,484159000
"Sep 9, 2022",14.16,14.47,14.13,14.39,14.37,486612000
"Sep 8, 2022",13.46,14.01,13.37,13.99,13.97,624873000
"Sep 7, 2022",13.56,13.84,13.35,13.71,13.7,512657000
"Sep 6, 2022",13.73,13.78,13.35,13.47,13.45,535751000
"Sep 2, 2022",14.1,14.17,13.59,13.65,13.63,743157000
"Sep 1, 2022",14.21,14.38,13.27,13.94,13.92,1178865000
"Aug 31, 2022",15.38,15.54,14.96,15.09,15.07,573710000
"Aug 30, 2022",15.96,16.04,15.18,15.47,15.45,530181000
"Aug 29, 2022",16.02,16.34,15.77,15.8,15.78,496132000
"Aug 26, 2022",17.86,17.92,16.24,16.26,16.24,769127000
"Aug 25, 2022",16.84,17.95,16.83,17.91,17.89,770691000
"Aug 24, 2022",17.01,17.41,16.9,17.22,17.2,522661000
"Aug 23, 2022",16.99,17.47,16.97,17.18,17.16,369986000
"Aug 22, 2022",17.49,17.56,16.97,17.03,17.01,409593000
"Aug 19, 2022",18.41,18.52,17.77,17.85,17.82,441588000
"Aug 18, 2022",18.3,18.86,18.18,18.77,18.75,415447000
"Aug 17, 2022",18.52,18.69,18.15,18.33,18.31,446799000
"Aug 16, 2022",18.92,19.14,18.5,18.88,18.85,451240000
"Aug 15, 2022",18.7,19.16,18.61,19.03,19.01,457666000
"Aug 12, 2022",18.16,18.72,17.95,18.71,18.68,478094000
"Aug 11, 2022",18.13,18.71,17.88,17.94,17.92,509327000
"Aug 10, 2022",17.7,18.12,17.32,18.1,18.07,597422000
"Aug 9, 2022",17.25,17.45,16.72,17.09,17.06,668263000
"Aug 8, 2022",17.5,18.24,17.24,17.79,17.77,981859000
"Aug 5, 2022",18.81,19.23,18.67,18.99,18.96,386068000
"Aug 4, 2022",18.85,19.27,18.76,19.22,19.19,409652000
"Aug 3, 2022",18.18,18.97,18.14,18.89,18.87,418146000
"Aug 2, 2022",18.12,18.94,18.09,18.53,18.5,489527000
"Aug 1, 2022",18.18,18.85,17.99,18.44,18.42,476469000
"Jul 29, 2022",17.81,18.24,17.69,18.16,18.14,435460000
"Jul 28, 2022",17.98,18.14,17.44,17.98,17.96,474646000
"Jul 27, 2022",17.03,17.94,16.91,17.79,17.77,569776000
"Jul 26, 2022",16.89,16.92,16.48,16.53,16.51,397865000
"Jul 25, 2022",17.02,17.12,16.65,17.02,17,480748000
"Jul 22, 2022",17.89,17.97,17.14,17.32,17.3,536671000
"Jul 21, 2022",17.89,18.14,17.55,18.05,18.03,557049000
"Jul 20, 2022",16.95,17.93,16.8,17.81,17.78,760538000
"Jul 19, 2022",16.49,17.11,16.17,16.99,16.97,702366000
"Jul 18, 2022",16.3,16.9,16,16.1,16.08,670517000
"Jul 15, 2022",15.66,15.78,15.44,15.76,15.74,385935000
"Jul 14, 2022",15.11,15.47,14.73,15.37,15.35,456235000
"Jul 13, 2022",14.59,15.38,14.47,15.16,15.14,521918000
"Jul 12, 2022",15.27,15.43,14.88,15.08,15.06,458483000
"Jul 11, 2022",15.53,15.53,15.04,15.15,15.13,437321000
"Jul 8, 2022",15.43,16.04,15.39,15.84,15.82,467972000
"Jul 7, 2022",15.46,15.94,15.39,15.86,15.84,492903000
"Jul 6, 2022",15.01,15.32,14.79,15.13,15.11,529066000
"Jul 5, 2022",14.18,14.97,14.06,14.96,14.94,651397000
"Jul 1, 2022",14.9,15.06,14.39,14.52,14.5,577610000
"Jun 30, 2022",15.36,15.57,14.86,15.16,15.14,686070000
"Jun 29, 2022",15.81,15.82,15.17,15.54,15.52,482352000
"Jun 28, 2022",16.9,17.2,15.94,15.98,15.96,461149000
"Jun 27, 2022",17.31,17.33,16.63,16.87,16.85,427968000
"Jun 24, 2022",16.5,17.14,16.31,17.13,17.1,472153000
"Jun 23, 2022",16.52,16.58,15.85,16.23,16.2,463680000
"Jun 22, 2022",16.23,16.66,16.18,16.36,16.34,437135000
"Jun 21, 2022",16.48,17.01,16.41,16.57,16.54,483089000
"Jun 17, 2022",15.65,15.99,15.33,15.88,15.86,630334000
"Jun 16, 2022",15.86,15.94,15.4,15.6,15.58,545749000
"Jun 15, 2022",16.09,16.87,15.93,16.53,16.5,563936000
"Jun 14, 2022",15.73,16.07,15.41,15.84,15.81,469680000
"Jun 13, 2022",16,16.31,15.61,15.65,15.63,604153000
"Jun 10, 2022",17.6,17.7,16.87,16.97,16.95,465248000
"Jun 9, 2022",18.48,18.93,18.04,18.05,18.02,395574000
"Jun 8, 2022",18.8,19.18,18.53,18.65,18.62,363252000
"Jun 7, 2022",18.47,19,18.19,18.93,18.9,388914000
"Jun 6, 2022",19.14,19.34,18.56,18.79,18.76,422406000
"Jun 3, 2022",19.08,19.33,18.52,18.72,18.69,598779000
"Jun 2, 2022",18.29,19.62,18.2,19.59,19.56,648656000
"Jun 1, 2022",18.72,19.05,18.12,18.32,18.29,544514000
"May 31, 2022",18.98,19.2,18.35,18.67,18.64,664100000
"May 27, 2022",18.19,18.88,18.1,18.81,18.78,738379000
"May 26, 2022",16.04,18.09,16.02,17.85,17.82,996575000
"May 25, 2022",16.02,17.11,16,16.98,16.95,781132000
"May 24, 2022",16.51,16.6,15.78,16.15,16.13,588550000
"May 23, 2022",16.27,16.92,16.18,16.9,16.87,639889000
"May 20, 2022",17.33,17.41,15.76,16.69,16.67,739105000
"May 19, 2022",16.94,17.69,16.73,17.12,17.1,621310000
"May 18, 2022",17.7,18.12,16.86,16.94,16.91,545161000
"May 17, 2022",18.07,18.37,17.63,18.18,18.15,585830000
"May 16, 2022",17.51,17.79,17.11,17.26,17.24,521446000
"May 13, 2022",16.79,17.93,16.59,17.71,17.68,670437000
"May 12, 2022",16.22,16.79,15.57,16.17,16.15,708728000
"May 11, 2022",17.35,17.75,16.57,16.63,16.6,670167000
"May 10, 2022",17.69,18.2,17.02,17.59,17.57,761474000
"May 9, 2022",18.03,18.25,16.83,16.95,16.92,644455000
"May 6, 2022",18.74,19.51,17.99,18.67,18.65,633297000
"May 5, 2022",19.87,19.92,18.5,18.84,18.81,626331000
"May 4, 2022",19.92,20.4,18.75,20.33,20.3,648855000
"May 3, 2022",19.4,19.83,19.13,19.6,19.57,475751000
"May 2, 2022",18.54,19.57,18.39,19.53,19.5,572049000
"Apr 29, 2022",19.4,20.13,18.52,18.55,18.52,500435000
"Apr 28, 2022",18.97,20.04,18.49,19.78,19.75,570327000
"Apr 27, 2022",18.6,19.17,18.29,18.42,18.39,499460000
"Apr 26, 2022",19.72,19.79,18.67,18.79,18.76,653143000
"Apr 25, 2022",19.2,19.94,19.1,19.9,19.87,641566000
"Apr 22, 2022",20.3,20.49,19.5,19.51,19.48,624713000
"Apr 21, 2022",21.71,22.39,20,20.18,20.15,656209000
"Apr 20, 2022",22.52,22.67,21.2,21.48,21.45,468974000
"Apr 19, 2022",21.72,22.37,21.31,22.2,22.16,512781000
"Apr 18, 2022",21.2,22.09,21.08,21.78,21.75,525701000
"Apr 14, 2022",22.5,22.78,21.16,21.26,21.22,569097000
"Apr 13, 2022",21.73,22.5,21.45,22.2,22.17,516943000
"Apr 12, 2022",22.54,22.73,21.28,21.5,21.47,662258000
"Apr 11, 2022",22.21,22.32,21.66,21.92,21.88,575207000
"Apr 8, 2022",23.92,23.92,23.06,23.12,23.08,524781000
"Apr 7, 2022",24.44,24.72,23.48,24.21,24.17,557992000
"Apr 6, 2022",24.93,25.3,24,24.41,24.37,703833000
"Apr 5, 2022",27.25,27.32,25.82,25.93,25.89,436615000
"Apr 4, 2022",26.73,27.56,26.61,27.36,27.32,397120000
"Apr 1, 2022",27.38,27.5,26.27,26.71,26.67,517235000
"Mar 31, 2022",27.78,28.25,27.27,27.29,27.24,523440000
"Mar 30, 2022",28.3,28.5,27.5,27.69,27.65,463487000
"Mar 29, 2022",28.69,28.95,27.98,28.66,28.61,488984000
"Mar 28, 2022",27.76,28.25,27.21,28.22,28.17,425494000
"Mar 25, 2022",27.89,28.36,27.27,27.69,27.65,579016000
"Mar 24, 2022",26.17,28.32,25.91,28.15,28.11,877379000
"Mar 23, 2022",26.13,26.61,25.58,25.63,25.59,502120000
"Mar 22, 2022",26.73,27.24,26.07,26.52,26.48,547007000
"Mar 21, 2022",26.51,27.15,25.97,26.73,26.69,591727000
"Mar 18, 2022",24.8,26.57,24.62,26.45,26.41,730719000
"Mar 17, 2022",24.12,24.84,23.91,24.77,24.73,471941000
"Mar 16, 2022",23.5,24.6,23.17,24.5,24.46,671422000
"Mar 15, 2022",21.52,23.04,21.32,22.97,22.94,491996000
"Mar 14, 2022",21.87,22.26,21.16,21.33,21.3,385354000
"Mar 11, 2022",23.02,23.15,22.05,22.1,22.07,367209000
"Mar 10, 2022",22.53,22.79,21.88,22.66,22.62,428066000
"Mar 9, 2022",22.39,23.22,22.25,23.01,22.98,492742000
"Mar 8, 2022",21.31,22.37,20.65,21.51,21.48,557467000
"Mar 7, 2022",22.82,23.03,21.33,21.35,21.32,450821000
"Mar 4, 2022",23.38,23.68,22.48,22.94,22.9,431415000
"Mar 3, 2022",24.26,24.33,23.47,23.71,23.68,365095000
"Mar 2, 2022",23.76,24.41,23.42,24.22,24.18,389642000
"Mar 1, 2022",24.29,24.38,23.13,23.48,23.44,412056000
"Feb 28, 2022",23.99,24.67,23.71,24.39,24.34,477319000
"Feb 25, 2022",23.72,24.22,23.38,24.16,24.11,528866000
"Feb 24, 2022",21.01,23.8,20.89,23.75,23.71,735801000
"Feb 23, 2022",23.8,24.16,22.3,22.39,22.35,566511000
"Feb 22, 2022",23.03,24.06,23,23.39,23.35,633422000
"Feb 18, 2022",24.67,24.99,23.1,23.64,23.6,761255000
"Feb 17, 2022",25.63,25.78,24.17,24.51,24.46,810595000
"Feb 16, 2022",26.26,26.58,25.55,26.51,26.46,732676000
"Feb 15, 2022",24.95,26.55,24.78,26.5,26.45,699869000
"Feb 14, 2022",23.93,24.88,23.75,24.27,24.22,440424000
"Feb 11, 2022",25.92,26.15,23.77,23.95,23.91,605472000
"Feb 10, 2022",26,26.92,25.6,25.82,25.78,513200000
"Feb 9, 2022",25.62,26.73,25.35,26.7,26.66,524282000
"Feb 8, 2022",24.36,25.23,23.98,25.11,25.06,410359000
"Feb 7, 2022",24.37,25.18,24.2,24.73,24.68,376868000
"Feb 4, 2022",23.97,24.64,23.63,24.32,24.28,354829000
"Feb 3, 2022",24.46,25.08,23.78,23.95,23.91,410178000
"Feb 2, 2022",25.79,25.82,24.55,25.24,25.2,543419000
"Feb 1, 2022",25.1,25.15,23.89,24.64,24.59,518925000
"Jan 31, 2022",23.18,24.51,23.05,24.49,24.44,564680000
"Jan 28, 2022",22.01,22.86,21.3,22.84,22.8,543774000
"Jan 27, 2022",23.57,24,21.67,21.94,21.91,573353000
"Jan 26, 2022",23.24,24.06,22.3,22.77,22.73,755959000
"Jan 25, 2022",22.55,22.94,22,22.32,22.28,664616000
"Jan 24, 2022",22.33,23.38,20.89,23.37,23.33,913982000
"Jan 21, 2022",23.51,24.82,23.26,23.37,23.33,718958000
"Jan 20, 2022",25.3,25.58,24.08,24.15,24.11,435181000
"Jan 19, 2022",26.08,26.54,25.05,25.07,25.02,488315000
"Jan 18, 2022",26.26,26.64,25.77,25.9,25.86,424270000
"Jan 14, 2022",26.3,27.2,26.21,26.94,26.89,395832000
"Jan 13, 2022",28.38,28.48,26.5,26.58,26.53,540171000
"Jan 12, 2022",28.07,28.59,27.61,28,27.95,383413000
"Jan 11, 2022",27.32,28.07,26.84,27.82,27.77,404089000
"Jan 10, 2022",26.58,27.47,25.64,27.4,27.35,594681000
"Jan 7, 2022",28.14,28.42,27.06,27.25,27.2,409939000
"Jan 6, 2022",27.64,28.44,27.07,28.18,28.13,454186000
"Jan 5, 2022",28.95,29.42,27.53,27.6,27.56,498064000
"Jan 4, 2022",30.28,30.47,28.35,29.29,29.24,527154000
"Jan 3, 2022",29.82,30.71,29.78,30.12,30.07,391547000
"Dec 31, 2021",29.67,30.03,29.33,29.41,29.36,266530000
"Dec 30, 2021",29.83,30.46,29.54,29.59,29.53,308864000
"Dec 29, 2021",30.27,30.55,29.37,30,29.95,343139000
"Dec 28, 2021",31.31,31.33,30.01,30.32,30.27,420591000
"Dec 27, 2021",29.66,31.09,29.64,30.94,30.89,403686000
"Dec 23, 2021",29.75,30.06,29.43,29.64,29.59,343022000
"Dec 22, 2021",28.89,29.56,28.45,29.4,29.35,395184000
"Dec 21, 2021",28.37,29.12,27.4,29.08,29.02,524385000
"Dec 20, 2021",27.31,28.14,27.15,27.72,27.67,461847000
"Dec 17, 2021",27.99,28.92,27.76,27.8,27.75,713758000
"Dec 16, 2021",31.15,31.16,28.09,28.39,28.34,707366000
"Dec 15, 2021",28.4,30.5,27.84,30.46,30.41,698297000
"Dec 14, 2021",27.7,28.68,27.25,28.34,28.29,667035000
"Dec 13, 2021",30.25,30.29,28.12,28.16,28.11,598344000
"Dec 10, 2021",31.15,31.31,29.86,30.2,30.15,488825000
"Dec 9, 2021",31.73,32.21,30.43,30.49,30.44,488507000
"Dec 8, 2021",32,32.29,31.42,31.83,31.77,475551000
"Dec 7, 2021",30.96,32.45,30.65,32.43,32.37,593053000
"Dec 6, 2021",29.88,30.24,28.04,30.04,29.98,658938000
"Dec 3, 2021",32,32.13,30.13,30.69,30.64,544325000
"Dec 2, 2021",31.21,32.48,31.02,32.13,32.07,472890000
"Dec 1, 2021",33.22,33.29,31.38,31.43,31.38,484368000
"Nov 30, 2021",33.17,33.35,31.86,32.68,32.61,622066000
"Nov 29, 2021",32.37,33.41,32.04,33.38,33.31,454964000
"Nov 26, 2021",32.6,32.71,31.35,31.5,31.44,283069000
"Nov 24, 2021",31.46,32.85,30.93,32.67,32.61,435162000
"Nov 23, 2021",31.53,32.36,30.88,31.75,31.69,532163000
"Nov 22, 2021",33.52,34.65,31.9,31.96,31.9,754335000
"Nov 19, 2021",32.24,33.09,31.91,32.99,32.92,533867000
"Nov 18, 2021",32.37,32.76,31.32,31.67,31.62,781711000
"Nov 17, 2021",30.42,30.51,28.8,29.26,29.21,428508000
"Nov 16, 2021",29.76,30.39,29.71,30.2,30.15,264484000
"Nov 15, 2021",30.55,30.64,29.25,30.02,29.97,384909000
"Nov 12, 2021",30.01,30.68,29.63,30.39,30.33,413054000
"Nov 11, 2021",30.47,30.59,29.78,30.39,30.33,332172000
"Nov 10, 2021",29.36,30.85,28.78,29.46,29.4,636206000
"Nov 9, 2021",32.28,32.31,29.96,30.66,30.6,646746000
"Nov 8, 2021",30.15,31.1,29.91,30.8,30.75,503101000
"Nov 5, 2021",30.19,31.4,29.41,29.75,29.7,851260000
"Nov 4, 2021",27.23,31.36,27.12,29.8,29.75,1153631000
"Nov 3, 2021",26.67,26.78,26.24,26.6,26.55,239910000
"Nov 2, 2021",25.82,26.68,25.8,26.4,26.35,294112000
"Nov 1, 2021",25.65,25.89,25.23,25.83,25.78,265740000
"Oct 29, 2021",25,25.71,25,25.57,25.52,292503000
"Oct 28, 2021",24.88,24.95,24.52,24.94,24.89,234204000
"Oct 27, 2021",24.47,25.09,24.28,24.45,24.41,245990000
"Oct 26, 2021",23.99,25.26,23.92,24.72,24.67,485898000
"Oct 25, 2021",22.97,23.35,22.77,23.17,23.12,230235000
"Oct 22, 2021",22.82,23.13,22.56,22.73,22.68,249384000
"Oct 21, 2021",22.1,22.71,22.08,22.69,22.65,187590000
"Oct 20, 2021",22.31,22.43,21.98,22.1,22.06,146276000
"Oct 19, 2021",22.28,22.38,22.04,22.29,22.25,161473000
"Oct 18, 2021",21.75,22.29,21.64,22.22,22.18,189494000
"Oct 15, 2021",21.81,21.93,21.66,21.86,21.82,226994000
"Oct 14, 2021",21.29,21.75,21.12,21.75,21.71,243589000
"Oct 13, 2021",20.92,20.99,20.71,20.94,20.9,180652000
"Oct 12, 2021",20.83,21.06,20.53,20.67,20.63,162134000
"Oct 11, 2021",20.58,21.06,20.51,20.69,20.66,163388000
"Oct 8, 2021",21.1,21.21,20.77,20.83,20.79,151258000
"Oct 7, 2021",21.09,21.32,20.97,21.08,21.04,256919000
"Oct 6, 2021",20.12,20.72,20.08,20.7,20.66,297202000
"Oct 5, 2021",19.95,20.65,19.85,20.45,20.41,279282000
"Oct 4, 2021",20.5,20.54,19.56,19.73,19.7,345635000
"Oct 1, 2021",20.75,20.86,20.2,20.74,20.7,240978000
"Sep 30, 2021",20.77,21.07,20.69,20.72,20.68,221009000
"Sep 29, 2021",20.94,21.02,20.47,20.52,20.48,218394000
"Sep 28, 2021",21.21,21.42,20.65,20.7,20.66,343069000
"Sep 27, 2021",21.71,21.8,21.33,21.66,21.62,245215000
"Sep 24, 2021",22.07,22.15,21.86,22.08,22.04,217655000
"Sep 23, 2021",22.14,22.53,21.89,22.48,22.44,248555000
"Sep 22, 2021",21.37,21.96,21.2,21.94,21.9,268726000
"Sep 21, 2021",21.42,21.42,20.95,21.25,21.21,204688000
"Sep 20, 2021",21.15,21.43,20.66,21.11,21.07,349440000
"Sep 17, 2021",22.3,22.32,21.83,21.9,21.86,294503000
"Sep 16, 2021",22.18,22.28,21.93,22.24,22.2,156033000
"Sep 15, 2021",22.31,22.37,21.97,22.34,22.3,166538000
"Sep 14, 2021",22.27,22.41,22.09,22.24,22.2,199755000
"Sep 13, 2021",22.68,22.96,21.86,22.15,22.11,297500000
"Sep 10, 2021",22.35,22.63,22.27,22.48,22.44,248376000
"Sep 9, 2021",22.31,22.54,22.13,22.18,22.14,196856000
"Sep 8, 2021",22.51,22.61,21.98,22.34,22.3,254434000
"Sep 7, 2021",22.83,22.9,22.52,22.66,22.62,198107000
"Sep 3, 2021",22.33,22.99,22.2,22.84,22.8,280532000
"Sep 2, 2021",22.52,22.59,22.3,22.4,22.35,187834000
"Sep 1, 2021",22.49,22.7,22.36,22.44,22.4,201767000
"Aug 31, 2021",22.69,22.69,22.12,22.39,22.34,259850000
"Aug 30, 2021",22.83,23.04,22.55,22.69,22.64,262580000
"Aug 27, 2021",22.18,22.72,22.17,22.64,22.59,304722000
"Aug 26, 2021",22.2,22.34,21.79,22.07,22.02,237940000
"Aug 25, 2021",21.74,22.47,21.72,22.21,22.17,347701000
"Aug 24, 2021",21.75,21.96,21.53,21.79,21.75,297299000
"Aug 23, 2021",20.97,22,20.95,21.96,21.91,575807000
"Aug 20, 2021",19.99,20.86,19.93,20.82,20.77,675741000
"Aug 19, 2021",19.49,20.5,18.76,19.8,19.76,766555000
"Aug 18, 2021",19.5,19.63,19,19.04,19,285913000
"Aug 17, 2021",19.68,19.77,19.27,19.46,19.42,204585000
"Aug 16, 2021",20.14,20.29,19.45,19.95,19.91,210876000
"Aug 13, 2021",19.91,20.21,19.85,20.19,20.15,183063000
"Aug 12, 2021",19.87,20.03,19.62,19.91,19.86,151652000
"Aug 11, 2021",20.04,20.05,19.43,19.7,19.66,185925000
"Aug 10, 2021",20.32,20.43,19.83,19.94,19.9,179238000
"Aug 9, 2021",20.45,20.51,20.14,20.3,20.25,146443000
"Aug 6, 2021",20.52,20.57,20.21,20.37,20.32,178497000
"Aug 5, 2021",20.5,20.73,20.34,20.64,20.59,211435000
"Aug 4, 2021",19.99,20.32,19.83,20.27,20.23,231309000
"Aug 3, 2021",19.74,20.22,19.22,19.82,19.77,301811000
"Aug 2, 2021",19.7,19.96,19.36,19.75,19.71,217444000
"Jul 30, 2021",19.42,19.63,19.26,19.5,19.46,183497000
"Jul 29, 2021",19.52,19.85,19.33,19.66,19.62,190781000
"Jul 28, 2021",19.32,19.65,19,19.5,19.46,202191000
"Jul 27, 2021",19.26,19.62,18.74,19.21,19.17,248863000
"Jul 26, 2021",19.31,19.44,18.91,19.29,19.25,203943000
"Jul 23, 2021",19.66,19.7,19.25,19.56,19.52,195672000
"Jul 22, 2021",19.64,19.89,19.28,19.59,19.55,323826000
"Jul 21, 2021",18.88,19.53,18.74,19.41,19.37,371017000
"Jul 20, 2021",18.73,18.84,18.16,18.61,18.57,434687000
"Jul 19, 2021",17.92,19.04,17.87,18.78,18.74,749060000
"Jul 16, 2021",19.03,19.16,18.07,18.16,18.12,688224000
"Jul 15, 2021",19.81,19.85,18.86,18.97,18.93,550564000
"Jul 14, 2021",20.36,20.42,19.75,19.84,19.8,380100000
"Jul 13, 2021",20.4,20.46,20.11,20.25,20.21,290708000
"Jul 12, 2021",20.24,20.53,20.19,20.51,20.47,321984000
"Jul 9, 2021",19.96,20.08,19.75,20.05,20.01,296624000
"Jul 8, 2021",19.86,20.13,19.7,19.9,19.86,503300000
"Jul 7, 2021",20.85,20.88,20.33,20.37,20.33,418428000
"Jul 6, 2021",20.74,20.84,20.35,20.7,20.66,446708000
"Jul 2, 2021",20.44,20.51,20.29,20.49,20.44,342764000
"Jul 1, 2021",20.13,20.46,20.02,20.21,20.17,480136000
"Jun 30, 2021",20,20.16,19.86,20,19.96,326568000
"Jun 29, 2021",19.88,20.1,19.66,20.03,19.99,367632000
"Jun 28, 2021",19.36,20.08,19.32,19.99,19.94,495436000
"Jun 25, 2021",19.28,19.35,18.89,19.03,18.99,278364000
"Jun 24, 2021",19.23,19.42,19.09,19.21,19.17,320924000
"Jun 23, 2021",19.01,19.15,18.91,19.06,19.02,332356000
"Jun 22, 2021",18.47,18.96,18.39,18.89,18.85,580144000
"Jun 21, 2021",18.44,18.54,17.82,18.43,18.39,672384000
"Jun 18, 2021",18.78,19.38,18.58,18.64,18.6,968856000
"Jun 17, 2021",17.77,18.83,17.76,18.66,18.62,809656000
"Jun 16, 2021",17.79,17.95,17.58,17.81,17.77,307124000
"Jun 15, 2021",17.92,18.02,17.73,17.79,17.75,243032000
"Jun 14, 2021",17.91,18.04,17.66,18.02,17.98,321376000
"Jun 11, 2021",17.48,17.94,17.44,17.83,17.79,416308000
"Jun 10, 2021",17.35,17.49,17.18,17.42,17.39,287772000
"Jun 9, 2021",17.52,17.58,17.26,17.36,17.32,381656000
"Jun 8, 2021",17.53,17.62,17.25,17.46,17.42,323848000
"Jun 7, 2021",17.57,17.81,17.19,17.62,17.58,575756000
"Jun 4, 2021",17.11,17.66,17.1,17.58,17.54,617120000
"Jun 3, 2021",16.7,17.26,16.58,16.97,16.93,580008000
"Jun 2, 2021",16.25,16.92,16.24,16.78,16.74,594168000
"Jun 1, 2021",16.27,16.39,15.9,16.26,16.23,472804000
"May 28, 2021",15.5,16.28,15.5,16.24,16.21,644536000
"May 27, 2021",15.7,15.75,15.46,15.49,15.45,581476000
"May 26, 2021",15.73,15.79,15.59,15.7,15.66,370440000
"May 25, 2021",15.77,15.82,15.48,15.65,15.61,435408000
"May 24, 2021",15.21,15.74,15.18,15.61,15.58,554816000
"May 21, 2021",15.16,15.22,14.87,14.99,14.96,672992000
"May 20, 2021",14.3,14.68,14.27,14.61,14.58,321592000
"May 19, 2021",13.57,14.08,13.54,14.07,14.03,344000000
"May 18, 2021",14.27,14.4,14,14.02,13.98,186256000
"May 17, 2021",14.16,14.17,13.85,14.17,14.13,216980000
"May 14, 2021",13.89,14.33,13.75,14.24,14.21,258616000
"May 13, 2021",14.03,14.08,13.46,13.67,13.63,285404000
"May 12, 2021",14.01,14.26,13.71,13.76,13.73,303408000
"May 11, 2021",13.82,14.35,13.75,14.31,14.27,285584000
"May 10, 2021",14.79,14.81,14.25,14.27,14.23,268904000
"May 7, 2021",14.81,14.97,14.67,14.81,14.78,229328000
"May 6, 2021",14.5,14.57,14.22,14.52,14.49,193380000
"May 5, 2021",14.71,14.81,14.39,14.46,14.43,292024000
"May 4, 2021",14.64,14.64,14.01,14.35,14.32,405324000
"May 3, 2021",15.13,15.25,14.79,14.84,14.8,203912000
"Apr 30, 2021",15.17,15.36,15,15.01,14.98,201912000
"Apr 29, 2021",15.4,15.44,15.07,15.32,15.29,173196000
"Apr 28, 2021",15.36,15.53,15.22,15.28,15.24,209416000
"Apr 27, 2021",15.58,15.67,15.35,15.38,15.35,164572000
"Apr 26, 2021",15.19,15.48,15.13,15.48,15.44,197796000
"Apr 23, 2021",14.93,15.34,14.9,15.27,15.23,227500000
"Apr 22, 2021",15.38,15.44,14.78,14.85,14.82,277788000
"Apr 21, 2021",15.12,15.36,15.1,15.36,15.33,216776000
"Apr 20, 2021",15.32,15.5,14.96,15.17,15.14,334132000
"Apr 19, 2021",15.54,15.81,15.23,15.36,15.33,404420000
"Apr 16, 2021",16.05,16.17,15.87,15.91,15.88,335208000
"Apr 15, 2021",15.66,16.21,15.63,16.14,16.1,598480000
"Apr 14, 2021",15.63,15.72,15.23,15.28,15.24,385500000
"Apr 13, 2021",15.23,15.7,15.13,15.68,15.64,676212000
"Apr 12, 2021",14.29,15.35,14.14,15.21,15.17,869324000
"Apr 9, 2021",14.21,14.41,14.18,14.4,14.37,195172000
"Apr 8, 2021",14.25,14.47,14.25,14.32,14.28,244416000
"Apr 7, 2021",13.88,14.24,13.71,14.14,14.11,251284000
"Apr 6, 2021",14,14.05,13.77,13.86,13.83,191744000
"Apr 5, 2021",13.87,14.01,13.73,13.99,13.96,255672000
"Apr 1, 2021",13.57,13.87,13.51,13.81,13.78,308276000
"Mar 31, 2021",13.02,13.47,12.98,13.35,13.32,314776000
"Mar 30, 2021",12.84,12.98,12.7,12.87,12.84,200204000
"Mar 29, 2021",12.82,13.06,12.7,12.95,12.92,273520000
"Mar 26, 2021",12.55,12.86,12.37,12.84,12.81,363968000
"Mar 25, 2021",12.5,12.71,12.27,12.54,12.51,295144000
"Mar 24, 2021",13.15,13.16,12.64,12.64,12.61,245840000
"Mar 23, 2021",13.25,13.34,13.02,13.07,13.04,222048000
"Mar 22, 2021",12.91,13.39,12.91,13.19,13.16,297804000
"Mar 19, 2021",12.75,12.92,12.61,12.85,12.82,299208000
"Mar 18, 2021",13.14,13.18,12.72,12.72,12.69,293896000
"Mar 17, 2021",13.04,13.45,12.99,13.34,13.31,243864000
"Mar 16, 2021",13.36,13.51,13.12,13.29,13.26,272128000
"Mar 15, 2021",12.86,13.21,12.77,13.19,13.16,221988000
"Mar 12, 2021",12.65,12.89,12.59,12.86,12.83,243964000
"Mar 11, 2021",12.95,13.05,12.73,12.99,12.96,299916000
"Mar 10, 2021",12.84,12.98,12.46,12.47,12.44,384376000
"Mar 9, 2021",12.13,12.62,12.06,12.52,12.49,521824000
"Mar 8, 2021",12.45,12.47,11.57,11.59,11.56,543112000
"Mar 5, 2021",12.55,12.55,11.68,12.46,12.43,542840000
"Mar 4, 2021",12.8,12.98,12.08,12.37,12.34,573344000
"Mar 3, 2021",13.43,13.45,12.8,12.8,12.77,377592000
"Mar 2, 2021",13.9,13.92,13.4,13.41,13.37,264116000
"Mar 1, 2021",13.88,13.93,13.55,13.84,13.81,353184000
"Feb 26, 2021",13.75,13.85,13.36,13.71,13.68,500932000
"Feb 25, 2021",14.05,14.37,13.22,13.31,13.27,824436000
"Feb 24, 2021",14.12,14.51,13.76,14.5,14.46,448320000
"Feb 23, 2021",14.08,14.24,13.39,14.14,14.1,391780000
"Feb 22, 2021",14.77,15.13,14.32,14.36,14.32,325884000
"Feb 19, 2021",15.02,15.18,14.85,14.93,14.89,271724000
"Feb 18, 2021",14.73,14.87,14.57,14.83,14.79,233868000
"Feb 17, 2021",15.17,15.22,14.78,14.91,14.87,274756000
"Feb 16, 2021",15.06,15.37,14.95,15.33,15.29,321960000
"Feb 12, 2021",15.05,15.29,14.77,14.96,14.92,374756000
"Feb 11, 2021",14.98,15.27,14.93,15.25,15.21,450828000
"Feb 10, 2021",14.46,14.9,14.34,14.76,14.73,485352000
"Feb 9, 2021",14.34,14.58,14.22,14.26,14.23,287560000
"Feb 8, 2021",13.73,14.47,13.73,14.44,14.4,434624000
"Feb 5, 2021",13.73,13.74,13.55,13.59,13.56,169152000
"Feb 4, 2021",13.53,13.67,13.34,13.66,13.63,201340000
"Feb 3, 2021",13.64,13.93,13.52,13.53,13.5,245408000
"Feb 2, 2021",13.4,13.57,13.29,13.56,13.52,220440000
"Feb 1, 2021",13.05,13.27,12.9,13.24,13.2,217204000
"Jan 29, 2021",13.07,13.33,12.91,12.99,12.96,271552000
"Jan 28, 2021",13,13.34,12.96,13.05,13.02,228316000
"Jan 27, 2021",13.23,13.23,12.79,12.92,12.88,371272000
"Jan 26, 2021",13.58,13.64,13.39,13.44,13.4,163980000
"Jan 25, 2021",13.78,13.83,13.24,13.65,13.62,251112000
"Jan 22, 2021",13.74,13.84,13.63,13.71,13.68,246820000
"Jan 21, 2021",13.42,14,13.25,13.87,13.83,337780000
"Jan 20, 2021",13.11,13.43,13.06,13.37,13.33,258572000
"Jan 19, 2021",13.02,13.09,12.84,13.03,12.99,226188000
"Jan 15, 2021",13.23,13.33,12.85,12.86,12.83,277780000
"Jan 14, 2021",13.57,13.6,13.18,13.2,13.17,283120000
"Jan 13, 2021",13.49,13.63,13.39,13.53,13.5,210028000
"Jan 12, 2021",13.75,13.75,13.35,13.48,13.45,291476000
"Jan 11, 2021",13.42,13.96,13.36,13.62,13.59,518344000
"Jan 8, 2021",13.36,13.42,13.04,13.28,13.24,292528000
"Jan 7, 2021",12.97,13.38,12.89,13.34,13.31,461480000
"Jan 6, 2021",13.22,13.24,12.59,12.61,12.58,580424000
"Jan 5, 2021",13.1,13.44,13.09,13.4,13.37,322760000
"Jan 4, 2021",13.1,13.65,12.96,13.11,13.08,560640000
"Dec 31, 2020",13.14,13.15,12.91,13.06,13.02,192424000
"Dec 30, 2020",12.99,13.21,12.9,13.15,13.11,225396000
"Dec 29, 2020",12.93,13.07,12.84,12.94,12.91,170372000
"Dec 28, 2020",13.06,13.06,12.76,12.9,12.87,212564000
"Dec 24, 2020",13.04,13.13,12.94,12.99,12.96,97884000
"Dec 23, 2020",13.26,13.27,13.01,13.01,12.98,179144000
"Dec 22, 2020",13.32,13.34,13.05,13.28,13.24,185580000
"Dec 21, 2020",13.07,13.37,12.97,13.33,13.3,302332000
"Dec 18, 2020",13.38,13.4,13.07,13.27,13.24,342064000
"Dec 17, 2020",13.37,13.38,13.18,13.34,13.31,231384000
"Dec 16, 2020",13.42,13.44,13.21,13.24,13.21,223116000
"Dec 15, 2020",13.44,13.46,13.19,13.36,13.33,193016000
"Dec 14, 2020",13.09,13.39,13.08,13.31,13.27,270156000
"Dec 11, 2020",12.97,13.02,12.82,13.01,12.98,209264000
"Dec 10, 2020",12.87,13.07,12.85,12.97,12.94,207764000
"Dec 9, 2020",13.3,13.41,12.87,12.93,12.9,401300000
"Dec 8, 2020",13.59,13.6,13.28,13.35,13.31,271920000
"Dec 7, 2020",13.6,13.73,13.5,13.61,13.57,223244000
"Dec 4, 2020",13.45,13.56,13.39,13.56,13.52,202244000
"Dec 3, 2020",13.59,13.66,13.33,13.4,13.36,199520000
"Dec 2, 2020",13.35,13.67,13.23,13.54,13.5,283360000
"Dec 1, 2020",13.49,13.53,13.23,13.39,13.35,296948000
"Nov 30, 2020",13.27,13.41,12.97,13.4,13.36,286952000
"Nov 27, 2020",13.38,13.41,13.17,13.26,13.22,167276000
"Nov 25, 2020",13.03,13.27,13.02,13.23,13.2,259916000
"Nov 24, 2020",13.14,13.16,12.89,12.96,12.92,346500000
"Nov 23, 2020",13.17,13.38,13.02,13.14,13.1,361356000
"Nov 20, 2020",13.45,13.49,13.06,13.09,13.05,341088000
"Nov 19, 2020",13.21,13.49,13.1,13.44,13.4,565936000
"Nov 18, 2020",13.47,13.61,13.19,13.43,13.39,510924000
"Nov 17, 2020",13.55,13.6,13.3,13.42,13.38,312028000
"Nov 16, 2020",13.17,13.65,13.16,13.52,13.48,413776000
"Nov 13, 2020",13.63,13.67,13.06,13.3,13.26,346312000
"Nov 12, 2020",13.48,13.77,13.32,13.46,13.42,365812000
"Nov 11, 2020",13.05,13.44,12.95,13.42,13.38,404744000
"Nov 10, 2020",13.61,13.61,12.63,12.77,12.73,644068000
"Nov 9, 2020",14.55,14.69,13.61,13.63,13.59,582976000
"Nov 6, 2020",14.11,14.59,13.9,14.56,14.52,383348000
"Nov 5, 2020",14.16,14.34,13.99,14.16,14.12,319028000
"Nov 4, 2020",13.39,13.83,13.34,13.79,13.75,410228000
"Nov 3, 2020",12.71,13.1,12.6,13.02,12.98,272900000
"Nov 2, 2020",12.66,12.84,12.4,12.58,12.54,299652000
"Oct 30, 2020",12.85,12.94,12.3,12.53,12.5,416820000
"Oct 29, 2020",12.84,13.19,12.75,13.02,12.99,320080000
"Oct 28, 2020",13.2,13.26,12.61,12.63,12.59,376520000
"Oct 27, 2020",13.31,13.44,13.19,13.4,13.36,250520000
"Oct 26, 2020",13.43,13.69,13.04,13.14,13.1,336896000
"Oct 23, 2020",13.45,13.59,13.29,13.59,13.55,233484000
"Oct 22, 2020",13.52,13.61,13.23,13.36,13.32,290480000
"Oct 21, 2020",13.63,13.79,13.48,13.52,13.49,219596000
"Oct 20, 2020",13.58,13.8,13.51,13.65,13.61,229212000
"Oct 19, 2020",13.9,13.98,13.41,13.5,13.46,298068000
"Oct 16, 2020",14.04,14.12,13.79,13.81,13.77,242392000
"Oct 15, 2020",13.81,14.01,13.77,13.97,13.93,267224000
"Oct 14, 2020",14.29,14.34,13.96,14.1,14.05,276100000
"Oct 13, 2020",14.3,14.35,14.02,14.25,14.21,344604000
"Oct 12, 2020",13.99,14.35,13.91,14.23,14.18,434744000
"Oct 9, 2020",13.77,13.82,13.66,13.76,13.72,346892000
"Oct 8, 2020",14.07,14.08,13.76,13.84,13.8,378900000
"Oct 7, 2020",14,14.12,13.86,13.96,13.92,418084000
"Oct 6, 2020",13.83,14.14,13.66,13.74,13.7,784420000
"Oct 5, 2020",13.24,13.64,13.22,13.64,13.6,479820000
"Oct 2, 2020",13.23,13.52,13.05,13.06,13.02,552496000
"Oct 1, 2020",13.76,13.76,13.46,13.61,13.57,525004000
"Sep 30, 2020",13.16,13.62,13.15,13.53,13.49,689184000
"Sep 29, 2020",12.94,13.44,12.93,13.23,13.19,621460000
"Sep 28, 2020",13.04,13.05,12.75,13.03,13,573808000
"Sep 25, 2020",12.45,12.88,12.25,12.87,12.84,588016000
"Sep 24, 2020",12.07,12.57,12.01,12.35,12.31,731240000
"Sep 23, 2020",12.58,12.73,12.08,12.12,12.09,647012000
"Sep 22, 2020",12.57,12.65,12.16,12.64,12.6,646452000
"Sep 21, 2020",11.93,12.52,11.9,12.52,12.48,721044000
"Sep 18, 2020",12.59,12.63,11.99,12.19,12.15,698460000
"Sep 17, 2020",12.13,12.59,12.03,12.46,12.43,792512000
"Sep 16, 2020",12.96,13.09,12.51,12.51,12.48,556384000
"Sep 15, 2020",13.28,13.3,12.83,12.99,12.95,727556000
"Sep 14, 2020",13.08,13.31,12.63,12.87,12.83,1201744000
"Sep 11, 2020",12.49,12.65,11.9,12.16,12.13,636928000
"Sep 10, 2020",12.99,13.07,12.17,12.31,12.28,698684000
"Sep 9, 2020",12.4,12.81,12.23,12.72,12.68,736200000
"Sep 8, 2020",11.73,12.55,11.7,11.91,11.88,795728000
"Sep 4, 2020",12.78,13.18,11.7,12.62,12.59,1463684000
"Sep 3, 2020",13.83,13.88,12.88,13.02,12.98,945128000
"Sep 2, 2020",14.7,14.73,13.9,14.35,14.3,874012000
"Sep 1, 2020",13.48,13.99,13.44,13.82,13.78,511316000
"Aug 31, 2020",13.18,13.57,13.04,13.37,13.33,500840000
"Aug 28, 2020",12.68,13.15,12.64,13.15,13.11,537160000
"Aug 27, 2020",12.78,12.85,12.57,12.63,12.59,317604000
"Aug 26, 2020",12.8,12.87,12.68,12.77,12.73,321244000
"Aug 25, 2020",12.63,12.76,12.57,12.75,12.71,289076000
"Aug 24, 2020",12.88,12.91,12.51,12.72,12.68,490564000
"Aug 21, 2020",12.2,12.81,12.2,12.68,12.64,999868000
"Aug 20, 2020",11.98,12.38,11.88,12.14,12.1,921388000
"Aug 19, 2020",12.3,12.31,12.1,12.14,12.1,622624000
"Aug 18, 2020",12.45,12.5,12.09,12.26,12.22,503448000
"Aug 17, 2020",11.85,12.41,11.82,12.34,12.3,621300000
"Aug 14, 2020",11.53,11.7,11.44,11.56,11.53,366436000
"Aug 13, 2020",11.55,11.72,11.36,11.44,11.41,374460000
"Aug 12, 2020",10.99,11.47,10.96,11.44,11.4,464412000
"Aug 11, 2020",11.07,11.14,10.8,10.85,10.82,354512000
"Aug 10, 2020",11.33,11.41,10.86,11.16,11.13,427796000
"Aug 7, 2020",11.31,11.5,11.04,11.2,11.16,342516000
"Aug 6, 2020",11.35,11.36,11.18,11.34,11.3,244316000
"Aug 5, 2020",11.24,11.37,11.17,11.29,11.25,249924000
"Aug 4, 2020",11.05,11.23,10.91,11.23,11.19,310336000
"Aug 3, 2020",10.73,11.1,10.72,11.01,10.97,412720000
"Jul 31, 2020",10.56,10.77,10.43,10.61,10.58,386080000
"Jul 30, 2020",10.38,10.62,10.3,10.61,10.58,308880000
"Jul 29, 2020",10.39,10.52,10.35,10.47,10.43,284508000
"Jul 28, 2020",10.37,10.38,10.21,10.22,10.18,271636000
"Jul 27, 2020",10.23,10.44,10.22,10.42,10.39,292132000
"Jul 24, 2020",9.88,10.36,9.78,10.19,10.16,473292000
"Jul 23, 2020",10.45,10.55,10.03,10.13,10.1,411660000
"Jul 22, 2020",10.37,10.6,10.29,10.44,10.41,367292000
"Jul 21, 2020",10.51,10.56,10.29,10.33,10.3,277036000
"Jul 20, 2020",10.27,10.53,10.16,10.51,10.48,284852000
"Jul 17, 2020",10.23,10.25,10.09,10.2,10.17,266284000
"Jul 16, 2020",10.02,10.21,9.9,10.13,10.1,344964000
"Jul 15, 2020",10.41,10.43,10.06,10.23,10.19,403984000
"Jul 14, 2020",10.07,10.4,9.79,10.38,10.34,542676000
"Jul 13, 2020",10.6,10.79,10.02,10.05,10.02,457076000
"Jul 10, 2020",10.59,10.66,10.38,10.48,10.45,497676000
"Jul 9, 2020",10.38,10.57,10.23,10.51,10.48,494548000
"Jul 8, 2020",9.99,10.23,9.97,10.22,10.18,365480000
"Jul 7, 2020",9.95,10.07,9.85,9.87,9.84,357800000
"Jul 6, 2020",9.74,9.91,9.71,9.84,9.81,315892000
"Jul 2, 2020",9.64,9.74,9.58,9.61,9.58,364056000
"Jul 1, 2020",9.52,9.58,9.41,9.53,9.5,326648000
"Jun 30, 2020",9.31,9.53,9.27,9.5,9.47,367892000
"Jun 29, 2020",9.17,9.2,8.9,9.2,9.17,342248000
"Jun 26, 2020",9.5,9.5,9.13,9.15,9.13,592084000
"Jun 25, 2020",9.36,9.51,9.18,9.49,9.46,376072000
"Jun 24, 2020",9.48,9.56,9.14,9.24,9.21,449372000
"Jun 23, 2020",9.55,9.64,9.41,9.45,9.42,375108000
"Jun 22, 2020",9.3,9.53,9.27,9.53,9.5,398468000
"Jun 19, 2020",9.24,9.44,9.23,9.26,9.23,524160000
"Jun 18, 2020",9.23,9.28,9.11,9.22,9.19,254408000
"Jun 17, 2020",9.11,9.3,9.07,9.24,9.21,408304000
"Jun 16, 2020",9.23,9.27,8.84,9.07,9.04,535716000
"Jun 15, 2020",8.82,9.18,8.74,9.17,9.14,400004000
"Jun 12, 2020",9.16,9.19,8.7,8.93,8.9,570908000
"Jun 11, 2020",9.15,9.26,8.79,8.8,8.77,583652000
"Jun 10, 2020",9.17,9.5,9.15,9.37,9.34,632180000
"Jun 9, 2020",8.8,9.11,8.75,9.05,9.02,468488000
"Jun 8, 2020",8.88,8.89,8.69,8.81,8.78,387736000
"Jun 5, 2020",8.79,9,8.71,8.92,8.89,481748000
"Jun 4, 2020",8.73,8.94,8.68,8.77,8.74,424280000
"Jun 3, 2020",8.82,8.87,8.7,8.77,8.74,365440000
"Jun 2, 2020",8.8,8.84,8.66,8.83,8.79,391320000
"Jun 1, 2020",8.83,8.84,8.69,8.81,8.77,389876000
"May 29, 2020",8.55,8.88,8.48,8.88,8.84,745256000
"May 28, 2020",8.41,8.76,8.38,8.49,8.46,734896000
"May 27, 2020",8.63,8.63,8,8.53,8.49,1175892000
"May 26, 2020",9.16,9.18,8.67,8.72,8.69,770780000
"May 22, 2020",8.83,9.09,8.71,9.03,8.99,1038764000
"May 21, 2020",9.05,9.05,8.74,8.78,8.74,761068000
"May 20, 2020",8.99,9.04,8.89,8.97,8.94,587536000
"May 19, 2020",8.79,9.09,8.76,8.81,8.77,717320000
"May 18, 2020",8.76,8.92,8.68,8.75,8.72,774460000
"May 15, 2020",7.89,8.5,7.87,8.49,8.46,987660000
"May 14, 2020",7.84,8.04,7.69,8.03,8,602312000
"May 13, 2020",7.92,8.08,7.59,7.78,7.75,625852000
"May 12, 2020",8.12,8.17,7.79,7.8,7.77,493060000
"May 11, 2020",7.81,8.11,7.78,8.07,8.04,469060000
"May 8, 2020",7.69,7.82,7.66,7.81,7.78,339216000
"May 7, 2020",7.58,7.69,7.53,7.62,7.59,373732000
"May 6, 2020",7.42,7.55,7.39,7.44,7.42,323464000
"May 5, 2020",7.39,7.51,7.28,7.34,7.32,368896000
"May 4, 2020",7.02,7.3,7.02,7.28,7.26,317556000